mol_id,atom_id,true_label,predicted_binary_label,averaged_som_probability
208,0,0,0,0.0015278560984825162
208,1,1,1,0.7591765582561493
208,2,0,0,0.0026314460650610273
208,3,0,0,0.0003782908825087361
208,4,0,0,0.011831598292337731
208,5,0,0,0.029502567136660218
208,6,0,0,0.05119723454117775
208,7,0,0,0.05203109158901498
208,8,0,0,0.0799818147905171
208,9,0,0,0.060657938272925094
208,10,0,1,0.2273271912243217
208,11,0,0,0.0006869911398098338
208,12,0,0,0.19087183400988578
208,13,0,0,0.0021513365266624617
208,14,0,0,0.16718555931001902
208,15,0,0,0.009344165661605074
208,16,0,0,0.0015177183464402332
208,17,0,0,0.007395564741455018
208,18,0,0,0.08085542460903525
208,19,0,0,0.0672035318799317
208,20,0,0,0.09438564111478627
208,21,0,1,0.22370862858369947
667,0,0,0,0.05165425124578178
667,1,0,0,0.016958895447896794
667,2,0,0,0.15242086183279752
667,3,0,0,0.004038436419796199
667,4,0,0,0.06376056489534676
667,5,0,0,0.06079818396829069
667,6,0,0,0.01053334937460022
667,7,0,0,0.10726322140544653
667,8,0,0,0.10712899174541235
667,9,0,0,0.03974995241733268
667,10,1,0,0.14965876191854477
667,11,1,1,0.8615341991186142
608,0,0,0,0.0037131812328880186
608,1,0,1,0.6392467185854912
608,2,0,1,0.6394982129335404
608,3,0,0,0.02138874523807317
608,4,0,0,0.027018177276477217
608,5,0,0,0.016547434165204322
608,6,0,0,0.004543914752139245
608,7,1,1,0.8114891111850738
608,8,0,1,0.26616629185155033
210,0,1,1,0.6228781029582023
210,1,0,0,0.0030595145653933287
210,2,0,0,0.014971072695334441
210,3,0,0,0.008097347436705604
210,4,0,0,0.005231884478416759
210,5,0,0,0.03331613524351269
210,6,0,0,0.027421335154213012
210,7,0,0,0.0060980204016232165
210,8,0,0,0.029905174882151185
210,9,0,0,0.0036644417440605537
210,10,0,0,0.0053455185199709375
210,11,0,0,0.0872112404787913
210,12,1,1,0.4898467555642128
210,13,0,0,0.14048774084076285
210,14,0,0,0.002471769286057679
210,15,0,0,0.0010074203949443472
210,16,0,0,0.14255090886726976
210,17,0,0,0.00439159337329329
210,18,0,0,0.0008897877087292727
210,19,0,0,0.03566320211393759
210,20,0,0,0.10351631720717971
210,21,0,1,0.3794349510222673
210,22,0,0,0.006306650267515934
210,23,0,0,0.006326073474338045
671,0,0,0,0.0013981957154555857
671,1,0,0,0.00023352588693228426
671,2,0,0,0.00395001161377877
671,3,0,0,0.0027686665212968363
671,4,0,0,0.004033106242422946
671,5,0,0,0.00043736961369589267
671,6,0,0,0.03888284582644701
671,7,1,1,0.7651869177818298
671,8,0,0,0.03375578501727432
671,9,0,0,0.03057086719200015
671,10,1,1,0.6366694182157516
671,11,1,0,0.07815008703619242
671,12,1,0,0.06935781440697611
671,13,1,1,0.8897183626890183
671,14,0,1,0.3224992901086807
381,0,0,0,0.011835266792559196
381,1,0,0,0.000255809198726098
381,2,0,0,0.00033041613432862606
381,3,0,0,0.01776524563319981
381,4,0,0,0.001024359868119973
381,5,0,0,0.022548563685268162
381,6,0,0,0.0010223668794878903
381,7,0,0,0.02322299623629078
381,8,0,0,0.029767838213592766
381,9,1,0,0.10268592201173306
381,10,0,0,0.03976349416188896
381,11,0,0,0.09432616904377937
381,12,1,0,0.10412216680124402
381,13,0,0,0.038436310505494474
381,14,0,0,0.09436064660549164
381,15,0,1,0.26901753805577755
381,16,0,0,0.1152393188327551
381,17,0,0,0.11326403114944697
381,18,0,0,0.05251746913418174
381,19,1,1,0.8941440939903259
381,20,1,1,0.8960690021514892
353,0,0,0,0.008312941394979134
353,1,0,0,0.0020923634054497596
353,2,0,0,0.0035659312828101976
353,3,1,0,0.0182068439462455
353,4,0,0,0.00904665197012946
353,5,0,0,0.0009431974982931024
353,6,0,0,0.05925175560405478
353,7,0,0,0.008640202462265734
353,8,0,0,0.018465721409302204
353,9,0,0,0.000882874748276663
353,10,0,0,0.0011379689414752648
353,11,0,0,0.012041139492066578
353,12,0,0,0.031213051569648088
353,13,0,0,0.08766449382528663
353,14,0,0,0.07192516521317885
353,15,0,0,0.0864668479654938
353,16,0,0,0.018248784088063984
353,17,0,0,0.003195084718754515
353,18,0,1,0.35080392267555
353,19,0,0,0.0830201406031847
353,20,0,0,0.14126595575362444
353,21,0,0,0.03020776070188731
353,22,0,0,0.02875546331051737
353,23,0,0,0.1456109270453453
353,24,0,0,0.14412733558565377
353,25,0,0,0.08905756901949644
353,26,0,0,0.09381247647106647
353,27,0,0,0.17591151539236308
346,0,0,0,0.004839753020496574
346,1,0,0,0.0002790348131309628
346,2,0,0,0.0003610670965940699
346,3,0,0,0.017543599428609013
346,4,0,0,0.0008409605080942128
346,5,0,0,0.02244772235862911
346,6,0,0,0.0003100679212366231
346,7,0,0,0.02285521193407476
346,8,0,0,0.03064376818947494
346,9,0,1,0.35591708347201345
346,10,0,0,0.03925849283114076
346,11,0,0,0.0901461336761713
346,12,0,0,0.0022537330838531488
346,13,0,0,0.06842852514237166
346,14,1,0,0.08426478886976838
346,15,0,1,0.27082144357264043
346,16,0,0,0.08929640874266624
346,17,0,0,0.10777016505599021
346,18,0,0,0.05878658758010715
346,19,1,1,0.9062370896339417
346,20,1,1,0.8865351647138595
388,0,0,0,0.004773458547424525
388,1,0,0,0.0005580150420428254
388,2,0,0,0.0007601314828207251
388,3,0,0,0.11760362600907684
388,4,0,0,0.004739378286467399
388,5,0,0,0.038154364889487626
388,6,0,0,0.004968735072179697
388,7,0,0,0.04095184840261936
388,8,0,0,0.005878038410446607
388,9,1,1,0.8778766125440598
388,10,0,0,0.08902590777724981
388,11,0,0,0.08524929117411376
388,12,0,0,0.08822410628199577
388,13,0,0,0.09479566235095263
388,14,0,1,0.42803495228290556
388,15,0,0,0.11669662687927485
388,16,0,0,0.1210011012852192
388,17,0,0,0.023109418619424105
388,18,0,0,0.021449976530857385
388,19,0,0,0.020157756726257504
388,20,0,0,0.042960090842097995
388,21,0,0,0.041580367088317874
388,22,0,0,0.17242012675851584
388,23,1,1,0.8865467727184295
602,0,0,1,0.6436127260327339
602,1,0,0,0.1007761618879158
602,2,0,1,0.6264303922653198
602,3,0,1,0.6324136793613434
602,4,0,0,0.14754650909453632
602,5,1,1,0.4549509763717651
319,0,0,0,0.006054155129822903
319,1,0,0,0.0005976897373329848
319,2,0,0,0.01235501387855038
319,3,0,0,0.02069917309563607
319,4,0,0,0.018283107213210314
319,5,0,0,0.010183268747641704
319,6,0,0,0.0015476104609660978
319,7,0,0,0.00830095048295334
319,8,0,0,0.06566336045507341
319,9,0,0,0.052795695373788476
319,10,0,0,0.040651599504053594
319,11,0,0,0.06901845838874579
319,12,0,0,0.0011705108823662157
319,13,0,0,0.00830643087392673
319,14,0,0,0.10942792855203151
319,15,1,1,0.6794535383582115
319,16,0,0,0.04277196659822948
319,17,0,0,0.002792253400548361
319,18,0,0,0.0017925393665791489
319,19,0,0,0.0023231488026794977
319,20,1,1,0.6450338438153267
319,21,0,0,0.0029311427992070095
319,22,0,0,0.054020303720608356
319,23,0,1,0.37603684291243555
319,24,0,0,0.059787833318114283
319,25,0,0,0.16060330914333462
319,26,0,0,0.06140946866944432
310,0,1,0,0.1937906865030527
310,1,0,0,0.038326993421651426
310,2,1,0,0.15584376361221075
310,3,0,0,0.12604616954922676
310,4,0,0,0.13191336328163744
310,5,0,0,0.0002900951873171298
310,6,0,1,0.5249808639287948
310,7,1,1,0.5117476239800454
310,8,0,1,0.20159827545285225
310,9,0,0,0.11137971756979823
310,10,0,0,0.0002115720024022963
310,11,0,0,0.00038217660235595474
310,12,0,0,0.002968503678467016
310,13,0,0,0.00031385653297775205
310,14,0,0,0.0005084362939133693
310,15,0,0,0.0848417597822845
310,16,0,0,0.12652659388259052
310,17,0,0,0.003963584165545342
310,18,0,0,0.00030578998630517165
310,19,0,0,0.06615080491174012
310,20,0,1,0.2868675602599978
310,21,0,0,0.017195340525358916
310,22,0,0,0.0012940993736265227
310,23,0,0,0.08004258098080755
289,0,1,1,0.5151674173772335
289,1,0,0,0.002063892143269186
289,2,0,0,0.008686832747480366
289,3,0,0,0.009131097947829403
289,4,0,0,0.0024634366312910492
289,5,0,0,0.018396404385566712
289,6,0,0,0.02626224578852998
289,7,0,0,0.005623461521660289
289,8,0,0,0.027135173324495554
289,9,0,0,0.003448563790783865
289,10,0,0,0.006810255454411163
289,11,0,0,0.0011577926830796058
289,12,0,0,0.09194951113313436
289,13,1,1,0.472273182682693
289,14,0,0,0.16541380640119313
289,15,0,0,0.0016814219282423437
289,16,0,0,0.0007901414051957545
289,17,0,0,0.14173618368804455
289,18,0,0,0.004624395260179881
289,19,0,0,0.0007354381452387316
289,20,0,0,0.1396778505295515
289,21,0,0,0.002414964214403881
289,22,0,1,0.475679662078619
289,23,0,1,0.36860487461090086
289,24,0,0,0.08601230308413506
482,0,0,0,0.0013267074804389268
482,1,0,0,0.0018233442962809932
482,2,0,0,0.001626666104675678
482,3,0,0,0.001595018199441256
482,4,0,0,0.01522909218329005
482,5,0,0,0.01484587419545278
482,6,0,0,0.0699097634293139
482,7,0,0,0.013636859762482346
482,8,0,0,0.06986622652038932
482,9,0,0,0.011764974507968873
482,10,0,0,0.0223234478617087
482,11,0,0,0.02211928917095065
482,12,0,0,0.09519078098237514
482,13,1,1,0.7856751665472984
482,14,1,1,0.7933552861213684
482,15,0,0,0.006289044086588547
482,16,0,0,0.050709785893559456
482,17,0,0,0.013960767864409718
482,18,0,0,0.018766209043678827
482,19,0,0,0.0050679296958719535
482,20,0,0,0.0043541021150531375
482,21,0,0,0.002917555695603369
482,22,0,0,0.0010978460588376038
482,23,0,0,0.0020052653468155767
482,24,0,0,0.0039691142796073105
482,25,0,0,0.0034841071981645657
482,26,0,0,0.0035467148785755854
482,27,0,0,0.14883019514381884
482,28,0,0,0.004281588985759299
482,29,0,0,0.1310651756823063
482,30,0,0,0.002130250657501165
482,31,0,0,0.1255640083923936
659,0,0,0,0.007436973894073162
659,1,0,0,0.09116241880692541
659,2,0,1,0.2040678422898054
659,3,0,1,0.36372908130288123
659,4,0,1,0.19569214545190333
659,5,0,0,0.08873424646444619
659,6,1,1,0.2995223347097635
659,7,1,1,0.6639643356204032
659,8,1,1,0.46398347094655035
292,0,0,0,0.012630068972794107
292,1,0,0,0.009794951154617593
292,2,0,0,0.003914665223976499
292,3,0,1,0.7244900107383728
292,4,0,1,0.331071600317955
292,5,0,0,0.0005761489168889967
292,6,0,0,0.012031543278135359
292,7,0,0,0.002326997628551908
292,8,0,0,0.014167203573742881
292,9,0,0,0.0006794090195398894
292,10,0,0,0.10307896984741091
292,11,0,0,0.002718404296319932
292,12,0,0,0.0025328158521006118
292,13,0,0,0.011169965442968532
292,14,0,0,0.011855998713872395
292,15,0,0,0.035342283232603224
292,16,0,0,0.03555103089893237
292,17,0,0,0.0027523508601007053
292,18,0,0,0.07095984322950244
292,19,0,1,0.29341270849108697
292,20,1,0,0.017159577930578963
292,21,0,0,0.06154465894214809
292,22,1,1,0.7905140817165375
292,23,0,0,0.06565742646344006
292,24,1,0,0.13603786211460828
77,0,0,0,0.0030687221920345565
77,1,0,0,0.023743010753059936
77,2,0,0,0.13571857288479805
77,3,0,0,0.15921546798199415
77,4,0,0,0.04824567171745002
77,5,0,1,0.2503777418285608
77,6,1,1,0.4110394760966301
77,7,0,1,0.24274969547986985
77,8,0,0,0.05485311304219067
77,9,0,0,0.021213295171037316
77,10,0,0,0.001701114522648517
77,11,0,0,0.00374401030021545
77,12,1,1,0.35692693665623665
77,13,0,0,0.0048263262316478265
77,14,0,0,0.001070414802234154
77,15,0,0,0.0012720608778181487
118,0,0,1,0.22034718794748187
118,1,0,0,0.011139729069236637
118,2,0,0,0.08469416657462717
118,3,0,0,0.003935868084954564
118,4,0,0,0.006376729916883051
118,5,0,0,0.00531769067310961
118,6,0,0,0.02358941772254184
118,7,0,0,0.026160681527107953
118,8,0,0,0.0353314665146172
118,9,0,0,0.038616045541130004
118,10,0,0,0.007875887514092027
118,11,0,1,0.30332821421325207
118,12,1,1,0.5135083965957165
118,13,1,1,0.3238893300294876
118,14,1,1,0.29938100203871726
618,0,0,0,0.20687603557878526
618,1,0,0,0.012263080844422802
618,2,0,0,0.00866750619316008
618,3,0,0,0.009401567979203395
618,4,0,0,0.04156604139134288
618,5,1,1,0.3880181357264519
618,6,0,0,0.016142658411990852
618,7,0,0,0.09987350152805448
618,8,1,1,0.3831962808966637
618,9,0,0,0.04220519838854671
580,0,0,0,0.08163639976410195
580,1,0,0,0.03445221818983555
580,2,0,0,0.007560164492133481
580,3,1,1,0.8892320245504379
580,4,1,1,0.9215886294841766
580,5,0,0,0.04175179251469672
131,0,0,0,0.0017392998220202571
131,1,0,0,0.0024768739467617706
131,2,0,0,0.036270899711144014
131,3,0,0,0.0041992943693912824
131,4,0,0,0.005814433768364324
131,5,0,0,0.01601206520572305
131,6,0,1,0.2358685395680368
131,7,0,0,0.003638444506214
131,8,0,0,0.0044271711842156945
131,9,0,0,0.12605618280358613
131,10,0,0,0.005791935726301744
131,11,1,1,0.3446546630933881
131,12,0,0,0.053748867753893134
131,13,0,1,0.2739213675260544
131,14,0,0,0.0015172132774750936
131,15,0,0,0.0010458590790221934
131,16,1,1,0.35308677777647973
131,17,1,0,0.06006203209981322
131,18,0,1,0.4197887010872364
131,19,0,0,0.03580194142414257
542,0,0,0,0.006092274949307352
542,1,0,0,0.00041213819195633493
542,2,0,0,0.00036417006073614645
542,3,0,0,0.0035400776276219405
542,4,0,0,0.0015709421480252673
542,5,0,0,0.00956975728040561
542,6,0,0,0.008905574982054531
542,7,0,0,0.009894184651784599
542,8,0,0,0.009028160967864097
542,9,0,1,0.27755800560116767
542,10,0,0,0.007083278706340934
542,11,0,0,0.0006157860261737369
542,12,0,0,0.09404586236923933
542,13,0,0,0.10070817330852151
542,14,0,0,0.08944344455376267
542,15,0,0,0.0888896057382226
542,16,0,0,0.028432909166440368
542,17,1,1,0.7657366007566452
542,18,1,1,0.7717808827757835
542,19,0,0,0.1742407264187932
542,20,0,1,0.18165768310427666
542,21,0,0,0.043619997706264256
542,22,0,0,0.04493373236618936
542,23,0,0,0.01291155080543831
542,24,0,0,0.012511995167005806
542,25,0,0,0.026052983626141214
542,26,0,0,0.0025371679694217164
542,27,0,0,0.003094300672455574
542,28,0,0,0.008035241928882896
542,29,0,0,0.007414259540382773
542,30,0,0,0.07103552473708988
542,31,0,0,0.07157534267753363
542,32,0,0,0.007581666420446709
542,33,0,0,0.004092551184294279
54,0,0,0,0.008768589980900288
54,1,0,0,0.013439763293717988
54,2,0,0,0.15532915405929087
54,3,0,0,0.006261756875755964
54,4,0,0,0.05696779559366405
54,5,0,0,0.05952789522707462
54,6,0,0,0.007622973501565866
54,7,0,0,0.11423015389591455
54,8,0,0,0.1053940575569868
54,9,0,0,0.04724948412331287
54,10,1,0,0.14514395650476217
54,11,1,1,0.8238422900438309
54,12,0,0,0.1918435011059046
54,13,0,0,0.19010563753545284
334,0,0,0,0.008049583528190851
334,1,0,1,0.7169317901134491
334,2,0,0,0.0014912053187799757
334,3,0,0,0.00011043114025710565
334,4,0,0,0.0009522417967673391
334,5,0,0,9.523803626052541e-05
334,6,0,0,0.0011383932673197706
334,7,0,0,0.007904783671256155
334,8,0,0,0.0007137535989386379
334,9,0,0,0.001286854010152183
334,10,0,0,0.0011647748185168894
334,11,0,0,0.0016292126106236537
334,12,0,1,0.7159548252820969
334,13,0,0,0.008324908709619194
334,14,0,0,0.009752947412198409
334,15,0,0,0.00487322306871647
334,16,0,0,0.02315745222149417
334,17,0,0,0.0030933770816545803
334,18,0,1,0.7177139252424241
334,19,0,1,0.7075051575899124
334,20,0,0,0.014235893660224975
334,21,0,0,0.013308260982739739
334,22,1,0,0.16395350694656372
334,23,1,0,0.154064729437232
334,24,0,0,0.004669808635662775
334,25,0,0,0.029431672673672436
558,0,0,0,0.11172095816582442
558,1,0,0,0.02374759886879474
558,2,0,1,0.2221085887402296
558,3,0,0,0.11234421627596021
558,4,0,0,0.021009196410886943
558,5,0,0,0.0025165300379740075
558,6,0,1,0.28824359029531477
558,7,0,0,0.0027063670531788375
558,8,0,0,0.020705765939783304
558,9,0,0,0.10355019168928266
558,10,0,1,0.21509147081524133
558,11,0,0,0.11771542029455304
558,12,0,0,0.02412061479408294
558,13,0,0,0.0021548920514760537
558,14,0,0,0.052257368061691525
558,15,0,0,0.020929541264194995
558,16,0,0,0.08184385267086328
558,17,0,0,0.03993833428248763
558,18,0,0,0.08369627324864268
558,19,0,0,0.019614267675206066
558,20,1,1,0.25892589539289473
558,21,0,0,0.016061371471732856
558,22,0,0,0.01844366350560449
558,23,0,0,0.002156226746592438
558,24,0,0,0.006873753685795236
558,25,0,0,0.01124218328623101
558,26,0,0,0.009625441156094894
558,27,0,0,0.00211253977657293
558,28,0,0,0.009886609244858846
558,29,0,0,0.011336336258682422
558,30,0,0,0.028141737167504743
558,31,0,1,0.642399999499321
558,32,0,1,0.5906482897698879
558,33,0,1,0.6048251055181026
81,0,0,0,0.0030174869949405546
81,1,0,0,0.0149399756512139
81,2,0,0,0.0045530251805757874
81,3,0,0,0.008997617488785182
81,4,1,1,0.5127111412584782
81,5,0,0,0.18825668450444938
81,6,0,0,0.0020997220974550146
81,7,0,0,0.1067099329084158
81,8,0,0,0.059450240805745125
81,9,0,0,0.15848927889019251
81,10,0,0,0.005238421603996945
81,11,0,1,0.23217352032661437
81,12,0,1,0.21196935437619685
81,13,0,0,0.05826125806197524
81,14,0,0,0.000799518622989126
81,15,0,1,0.6800038233399391
199,0,0,0,0.0010701784303819295
199,1,0,0,0.026151240535546093
199,2,0,0,0.0008588574644818436
199,3,0,0,0.1796149717643857
199,4,1,1,0.2297591544687748
199,5,0,1,0.21711496859788895
199,6,0,0,0.15242412835359573
199,7,0,0,0.022827729117125273
199,8,0,0,0.011583059214535752
199,9,1,1,0.8560502856969834
199,10,0,0,0.060194419568870214
199,11,0,1,0.21125426683574916
199,12,0,0,0.004363001801539213
199,13,0,0,0.009386170521611347
199,14,0,0,0.003973149570811074
199,15,0,0,0.09139710366725921
199,16,0,0,0.10511825699359179
199,17,0,0,0.05609370209276676
199,18,0,1,0.23193163219839336
199,19,0,0,0.0037374167470261453
199,20,0,1,0.3717244669795036
199,21,0,0,0.0031372046679875253
199,22,0,0,0.004284090767032467
199,23,0,0,0.006370541035721544
199,24,0,0,0.007957841810275567
302,0,0,0,0.007469145134200517
302,1,0,0,0.072300192900002
302,2,0,0,0.032414808966132115
302,3,0,0,0.017200958280591296
302,4,0,0,0.01520472623524256
302,5,0,0,0.09603409860283137
302,6,0,0,0.12149329596431926
302,7,0,0,0.05528656728565693
302,8,0,0,0.09354367200285196
302,9,0,0,0.061703806184232234
302,10,1,1,0.5120331436395645
302,11,0,0,0.07031217589974403
302,12,0,0,0.02258034226251766
302,13,1,0,0.004761394730303436
302,14,1,1,0.5699881687760353
302,15,0,0,0.007372508168919012
302,16,0,0,0.08002943405881524
302,17,1,0,0.16272232830524444
302,18,1,1,0.3773083552718163
302,19,0,0,0.01073649307654705
296,0,0,0,0.009121137982583604
296,1,0,0,0.02088835577014834
296,2,0,0,0.02390901546459645
296,3,1,1,0.7676292836666108
296,4,0,0,0.0027262195813818834
296,5,0,1,0.3038857612758875
296,6,0,0,0.003142609402129892
296,7,0,0,0.0006579000015335623
296,8,0,0,0.0008536770917999092
296,9,0,0,0.039723742729984225
296,10,0,0,0.0017782506969524548
296,11,0,0,0.064339838642627
296,12,0,0,0.05951145561411977
296,13,0,0,0.0035948158605606296
296,14,0,0,0.02029561751987785
296,15,0,0,0.16365301040932537
296,16,0,0,0.11148652220144868
296,17,0,0,0.03404892380349338
296,18,0,0,0.0910491925664246
296,19,0,1,0.27474311664700507
296,20,0,1,0.250521345436573
296,21,1,1,0.4945343144237995
296,22,0,0,0.12943299412727355
296,23,0,0,0.14127072952687741
485,0,0,0,0.00022778969489536393
485,1,0,0,0.000508238660142979
485,2,0,0,0.000785944012204709
485,3,0,0,0.0044772177949198525
485,4,0,0,0.0016605415022013404
485,5,0,0,0.11841025836765766
485,6,0,0,0.05696462141349912
485,7,0,0,0.1716852445155382
485,8,0,0,0.11120132775977254
485,9,0,0,0.0043453643622342495
485,10,1,1,0.20823816396296024
485,11,0,1,0.22894414253532885
485,12,0,0,0.11630705837160349
485,13,0,0,0.16819857191294432
485,14,0,1,0.2156187228858471
485,15,0,0,0.04863303352613002
485,16,0,1,0.22011787481606007
485,17,0,0,0.017554023710545152
485,18,0,0,0.05481448967475444
485,19,0,1,0.3492370292544365
485,20,0,0,0.1826242132112384
485,21,0,0,0.0040353551623411475
485,22,0,0,0.0040962553845020015
485,23,0,0,0.005380720122775529
485,24,0,0,0.09495736723765731
485,25,0,0,0.09740416766144336
485,26,0,0,0.0167207743274048
485,27,1,1,0.19780037347227336
485,28,1,1,0.1957125585526228
485,29,1,1,0.7902580574154854
31,0,0,0,0.002729116706404966
31,1,0,0,0.11786159112816677
31,2,0,0,0.04066791563527659
31,3,1,1,0.47563286051154136
31,4,1,1,0.49941050112247465
31,5,1,0,0.027108679246157407
31,6,1,0,0.02377116895513609
31,7,1,0,0.09043833734467625
31,8,1,0,0.10901030004024506
31,9,1,1,0.36478798016905783
31,10,1,1,0.3222626496106386
31,11,1,0,0.15487096942961215
31,12,1,0,0.15461427345871925
533,0,0,0,0.04558610776439309
533,1,0,0,0.04232597714290023
533,2,0,1,0.32734056413173673
533,3,0,0,0.003793862871680176
533,4,0,0,0.0037931158924038753
533,5,0,0,0.016731677076313643
533,6,0,0,0.01808607910061255
533,7,0,0,0.016217292158398778
533,8,0,0,0.01583927308092825
533,9,0,0,0.039173982571810484
533,10,0,0,0.04131747529609129
533,11,0,0,0.03479697301518172
533,12,0,0,0.03954065502621233
533,13,0,0,0.012111944718344602
533,14,0,0,0.01495816441365605
533,15,0,0,0.0052596236346289515
533,16,0,0,0.06803837874904275
533,17,0,0,0.06595199040602892
533,18,0,0,0.07718568047275767
533,19,0,0,0.07669623051770032
533,20,0,0,0.006633172935471521
533,21,0,0,0.006640742222225526
533,22,0,1,0.590917494893074
533,23,1,1,0.5647351101040841
533,24,0,0,0.09630879536271095
533,25,0,0,0.0062351525528356435
533,26,0,0,0.023353151115588843
533,27,1,1,0.23817001543939115
533,28,0,0,0.04784869879949838
533,29,0,0,0.04657620417419821
533,30,0,0,0.14294139984995127
533,31,0,0,0.1400809924118221
533,32,1,1,0.2772534005343914
527,0,0,0,0.011887019994901493
527,1,0,0,0.013110667106229813
527,2,0,0,0.02684046537615359
527,3,0,0,0.0011386744948680416
527,4,0,0,0.005249775880656671
527,5,0,0,0.00432611427968368
527,6,0,0,0.012850309482109879
527,7,0,0,0.0008253742746546777
527,8,0,0,0.0224903497233754
527,9,0,0,0.04132403009571135
527,10,0,0,0.011904764035716654
527,11,0,0,0.006857207528082654
527,12,0,0,0.07794418958947062
527,13,0,0,0.05651294346898794
527,14,0,0,0.09378924672491848
527,15,0,0,0.027845391631126405
527,16,0,0,0.028943298500962555
527,17,0,0,0.014664430895936675
527,18,0,0,0.07901202784851194
527,19,0,0,0.029068589396774768
527,20,0,0,0.020441553770797326
527,21,0,0,0.08054777961224317
527,22,0,0,0.15349072124809027
527,23,0,0,0.04638497126288712
527,24,0,0,0.09965923856943845
527,25,0,0,0.028174135298468173
527,26,0,0,0.08416642313823104
527,27,1,1,0.4528069518506527
527,28,0,1,0.23660462237894536
527,29,0,1,0.2283733755350113
405,0,0,0,0.00126930570611421
405,1,0,0,0.0030447705760707324
405,2,1,1,0.3835723139345646
405,3,1,1,0.372041604667902
405,4,0,0,0.0029053555605059954
405,5,1,0,0.1296790014952421
405,6,0,0,0.0035388234435231427
405,7,1,1,0.36004905253648756
405,8,1,1,0.385885889083147
405,9,0,0,0.0031251956505002456
405,10,0,0,0.001124740479826869
405,11,0,0,0.0011169069808602216
405,12,1,0,0.09655462391674519
405,13,0,0,0.001016748122901845
405,14,1,1,0.4919071450829506
405,15,1,1,0.5956231042742729
405,16,1,1,0.5780983731150627
405,17,1,1,0.3435449689626694
405,18,1,1,0.3547505885362625
405,19,1,1,0.5550083011388779
405,20,1,1,0.554492111504078
405,21,1,1,0.5018631398677826
467,0,0,0,0.0003494431678518595
467,1,0,0,0.006011017904529581
467,2,0,0,0.0016592896070505958
467,3,0,0,0.0019658505527331725
467,4,0,0,0.001340545884158928
467,5,0,0,0.11649983637034893
467,6,0,0,0.006886874391784659
467,7,0,0,0.04079576632939279
467,8,0,0,0.015777732669812396
467,9,0,0,0.0038106083549791945
467,10,0,0,0.11763958549126982
467,11,0,0,0.20773323215544223
467,12,1,0,0.11329580806195735
467,13,0,0,0.0016962938339929678
467,14,0,0,0.09580845199525356
467,15,1,1,0.2169995623640716
467,16,0,0,0.00206324844766641
467,17,0,0,0.007916293240123195
467,18,1,1,0.23914762921631336
467,19,1,1,0.23623099103569983
467,20,0,0,0.0008177682024324895
467,21,0,0,0.02102880976162851
467,22,0,0,0.029964049661066382
467,23,0,0,0.0026108762875082904
467,24,0,0,0.0022250351757975295
467,25,0,0,0.013177462702151388
467,26,0,0,0.01671553241321817
467,27,1,1,0.6668182104825974
467,28,0,1,0.732603694498539
63,0,0,0,0.0007914909747341881
63,1,0,0,0.11476292256265878
63,2,0,0,0.009720029449090362
63,3,0,0,0.054896567249670625
63,4,1,1,0.8696236670017242
63,5,0,0,0.16802654713392257
63,6,0,0,0.1010889183729887
63,7,0,0,0.0005301882506500988
63,8,0,0,0.0039921503472214685
63,9,0,0,0.005026267090924819
63,10,0,0,0.004916598839190556
63,11,0,0,0.0028840098047112407
63,12,0,0,0.0031679773652285802
63,13,0,0,0.035364666441455486
63,14,0,0,0.004050050467230904
63,15,0,0,0.010993489690008573
63,16,0,0,0.009828772479886538
165,0,0,0,0.040874449606053534
165,1,1,1,0.34924416095018385
165,2,0,0,0.00949555287952535
165,3,1,1,0.3605507969856262
165,4,0,0,0.04197683571837842
165,5,0,0,0.0035234129188665975
165,6,0,0,0.0032233830358222803
165,7,0,0,0.03749393951147795
165,8,0,1,0.24323421940207482
165,9,0,1,0.42088361233472826
165,10,0,1,0.25853827968239784
165,11,0,0,0.0445108512416482
165,12,0,0,0.038951747933447224
165,13,0,0,0.018941811582772063
165,14,0,0,0.0022876671780129422
165,15,0,0,0.022408211134279554
165,16,0,0,0.006276232861705466
165,17,0,0,0.0018097073188982904
165,18,0,0,0.002235817816290364
165,19,0,0,0.08107282016426325
120,0,0,0,0.0002752952097580419
120,1,0,0,0.00020481309655906443
120,2,0,0,0.0009869530423202376
120,3,0,0,0.01152081730615464
120,4,0,0,0.0018888920596623394
120,5,0,0,0.044676232733763754
120,6,0,0,0.0013998214064372405
120,7,0,0,0.004628997232066468
120,8,0,1,0.23367900256998836
120,9,0,1,0.8109937846660614
120,10,0,0,0.0006891961977075311
120,11,0,1,0.5685345366597175
120,12,0,1,0.22795894108712672
120,13,0,0,0.0031520155367616098
120,14,0,0,0.05330443661659956
120,15,0,0,0.06959833954460919
120,16,1,0,0.09922316242009402
120,17,1,1,0.5986400917172432
120,18,0,1,0.23660774976015092
120,19,0,0,0.062057916959747675
356,0,0,0,0.02599343954352662
356,1,0,0,0.04548127818852663
356,2,0,0,0.003591866527676757
356,3,0,0,0.010549761794391089
356,4,0,0,0.012003423273563385
356,5,0,0,0.07235784363001585
356,6,0,0,0.19479012116789818
356,7,0,0,0.05270142280496657
356,8,0,0,0.10948407500982285
356,9,0,0,0.050910067884251474
356,10,0,1,0.31988618075847625
356,11,0,0,0.05885240733623505
356,12,0,0,0.02719126084120944
356,13,0,0,0.0038251788704656065
356,14,0,1,0.5001018196344376
356,15,0,0,0.005323313802364282
356,16,0,0,0.05401532924734056
356,17,0,0,0.053078013751655814
356,18,0,0,0.1277275387197733
356,19,0,0,0.007113931537605822
356,20,1,1,0.8421372950077057
417,0,0,0,0.0054073564562713726
417,1,0,0,0.0007389034624793566
417,2,0,0,0.0009382765896589262
417,3,0,0,0.1463818016462028
417,4,0,0,0.005595095004537143
417,5,0,0,0.02795975492335856
417,6,0,0,0.005298105282417964
417,7,0,0,0.043628695094957946
417,8,0,0,0.010399825125932693
417,9,0,1,0.9178764909505844
417,10,0,0,0.07263690289109945
417,11,0,0,0.007132129115052521
417,12,0,0,0.11671097036451102
417,13,0,0,0.11179208513349295
417,14,0,1,0.5176828533411026
417,15,0,0,0.13231188859790563
417,16,0,0,0.004812005574603972
417,17,0,0,0.1533471340313554
417,18,0,0,0.027825139975175262
417,19,0,0,0.029658256843686105
417,20,0,0,0.03076563384383917
417,21,0,0,0.02755749262869358
417,22,0,0,0.030909731378778817
417,23,0,0,0.028535824082791806
417,24,1,1,0.566557003557682
417,25,0,0,0.16547368839383125
417,26,0,0,0.02041301185381599
209,0,0,0,0.006008876638952642
209,1,0,0,0.05099163576960564
209,2,0,0,0.15830564890056847
209,3,0,1,0.3093221139162779
209,4,0,0,0.156442728638649
209,5,0,0,0.0483854852616787
209,6,1,1,0.5300796449184417
209,7,0,0,0.02606471463077469
209,8,0,0,0.15458830948919058
209,9,0,0,0.006482478573667549
209,10,0,0,0.17688465006649495
209,11,0,0,0.13019748795777558
209,12,0,0,0.010312842788437138
209,13,0,0,0.00568138183422775
209,14,0,0,0.12216938503552228
209,15,0,0,0.05420186903793365
209,16,0,0,0.007636356226225871
209,17,0,0,0.05858451189706102
209,18,0,0,0.006968201556433939
209,19,0,0,0.0008995021664304659
209,20,0,0,0.06547799792606383
617,0,1,1,0.38078928738832474
617,1,1,1,0.3533391669392586
617,2,1,1,0.3072559040039778
617,3,0,0,0.02367060133256018
617,4,0,0,0.021347733167931437
617,5,1,1,0.31705981157720087
617,6,0,0,0.006667410251975525
617,7,0,0,0.007590939085639547
78,0,1,1,0.9193178504705429
78,1,0,1,0.2711712624877691
78,2,0,0,0.1126409387215972
78,3,0,1,0.43135386854410174
78,4,0,0,0.14261780679225922
78,5,0,0,0.1159745566546917
78,6,0,0,0.04785445606103167
78,7,0,0,0.0030515088415995705
78,8,0,0,0.033548953954596075
78,9,0,0,0.032192385848611595
78,10,0,0,0.11700279219076037
78,11,0,0,0.11207189131528139
78,12,1,1,0.21811201870441438
90,0,1,1,0.33904520319774745
90,1,0,0,0.0019410404306881902
90,2,0,0,0.0050624470910406675
90,3,0,0,0.006315311964863212
90,4,1,1,0.6389148011803627
90,5,0,0,0.00035441895848862257
90,6,0,1,0.25110546573996545
90,7,0,1,0.2844228494912386
90,8,0,0,0.0012934897087689024
90,9,0,0,0.007842289860127494
90,10,0,0,0.024002019996987655
90,11,0,0,0.02699785822769627
90,12,0,0,0.0003114367099442461
90,13,0,1,0.38685839660465715
90,14,0,0,0.06579067138954997
90,15,0,0,0.061225456465035674
90,16,0,0,0.0013415577152045444
90,17,0,0,0.16323601696640253
90,18,0,0,0.0033804860126110726
223,0,0,1,0.2297769531607628
223,1,1,1,0.46985647156834603
223,2,0,1,0.1808272197842598
223,3,0,0,0.12162799704819918
223,4,0,0,0.1061028316617012
223,5,0,0,0.10537336189299822
223,6,0,0,0.10664095282554627
223,7,0,0,0.09420864405110478
223,8,0,0,0.10262350253760814
223,9,0,0,0.10574265765026211
223,10,0,0,0.09650123547762632
223,11,0,0,0.1050321226939559
223,12,0,0,0.08667578734457493
223,13,0,0,0.04201777670532465
223,14,0,0,0.04816996662411839
223,15,0,0,0.018505113433730003
223,16,0,0,0.009143383876653388
223,17,0,0,0.012823024827230255
220,0,0,0,0.005422149061087111
220,1,0,0,0.13618963779881596
220,2,0,0,0.0011344531684017057
220,3,0,0,0.007387833362736273
220,4,0,0,0.007429871531348909
220,5,0,0,0.011375936595140957
220,6,0,0,0.027308876032475383
220,7,0,0,0.000955501090902544
220,8,0,0,0.013722560304449872
220,9,0,1,0.3864296764135361
220,10,0,0,0.013862477854127064
220,11,0,0,0.011948107404168695
220,12,1,1,0.6961972281336785
220,13,0,1,0.20367528535425664
220,14,0,1,0.22262667454779148
220,15,0,0,0.10281846602447331
220,16,0,0,0.10007641715928912
220,17,0,0,0.009871599229518324
10,0,0,0,0.005749591585481539
10,1,0,0,0.007461882510688156
10,2,1,1,0.45779053270816805
10,3,1,0,0.1519702695310116
10,4,1,1,0.2853237442672253
10,5,1,0,0.15022074095904828
10,6,0,0,0.021264564647572114
10,7,1,1,0.2914732091128826
10,8,1,1,0.199841271340847
10,9,1,1,0.27393824607133865
10,10,0,0,0.015170256063145615
10,11,0,1,0.32066978253424167
10,12,0,0,0.17596360761672258
55,0,0,0,0.002221067148275324
55,1,0,0,0.024040523171424865
55,2,0,0,0.02100853230804205
55,3,0,0,0.0016798130568716374
55,4,0,0,0.0030832880467642097
55,5,0,0,0.0022803780615504366
55,6,0,0,0.001730369693470258
55,7,0,0,0.0035175983699446078
55,8,0,1,0.43658332750201223
55,9,0,1,0.40881279706954954
55,10,0,0,0.05952595610287972
55,11,0,0,0.0011101548564283804
55,12,1,1,0.7839415937662124
55,13,0,1,0.543597337603569
55,14,0,1,0.4128123277798295
480,0,0,0,0.0022771809195546665
480,1,0,0,0.00588109672498831
480,2,0,1,0.376293383166194
480,3,0,0,0.0035790945825283416
480,4,1,1,0.5540098905563354
480,5,1,1,0.5736156102269888
480,6,0,0,0.005316126178877311
480,7,1,1,0.6396463938057423
480,8,0,1,0.5928561627864838
480,9,0,1,0.5238132655620575
480,10,0,0,0.001176707634658669
480,11,0,0,0.0018058376564113131
480,12,0,0,0.0014761308375454973
480,13,0,0,0.0009788912773956327
480,14,0,0,0.0003988856109572225
480,15,0,0,0.0006373262614943088
480,16,1,1,0.6320168755948543
480,17,1,1,0.7065661624073982
480,18,1,1,0.7013808280229569
480,19,1,1,0.5157090678811074
480,20,0,1,0.5229047037661075
480,21,0,1,0.7069762006402016
480,22,0,1,0.7148287370800972
480,23,0,1,0.5257232271134853
290,0,0,0,0.000234600096061216
290,1,0,0,0.0220758497598581
290,2,0,0,0.009137288501369767
290,3,0,0,0.09625939968973399
290,4,0,0,0.024744275130797178
290,5,0,0,0.000347762033899289
290,6,0,0,0.05897205234505236
290,7,0,0,0.0006116192526633313
290,8,0,0,0.07983533497899771
290,9,0,0,0.14150973800569772
290,10,0,0,0.1528434218838811
290,11,0,0,0.03337679235264659
290,12,0,0,0.00042504447218050245
290,13,0,0,0.0014115753246947804
290,14,0,0,0.009150395128199307
290,15,0,0,0.0069131708209170025
290,16,0,0,0.0622832684777677
290,17,0,0,0.07195255542173981
290,18,1,1,0.2399122506380081
290,19,0,0,0.07338931830599904
290,20,0,0,0.07140888068825006
290,21,1,1,0.9311354339122773
290,22,0,0,0.00416272640400166
495,0,0,0,0.023752555227838458
495,1,0,0,0.0015570446879792144
495,2,0,0,0.009362641512416304
495,3,0,0,0.039327669469639656
495,4,0,0,0.052691642101854085
495,5,0,0,0.007710731643601321
495,6,0,0,0.1111728496849537
495,7,0,0,0.11625561905093491
495,8,0,0,0.13596503837034107
495,9,0,0,0.02926746169105172
495,10,0,0,0.007071443711174652
495,11,0,0,0.08899379838258029
495,12,0,0,0.023957204236648977
495,13,0,0,0.03444390590302646
495,14,0,0,0.15020278915762902
495,15,0,0,0.0014942827883714926
495,16,1,0,0.03583516767248511
495,17,0,0,0.03509001340717077
495,18,0,0,0.03222235429566354
495,19,0,0,0.014592920581344515
495,20,0,0,0.049721360811963676
495,21,0,0,0.012996425555593305
495,22,0,0,0.06208015820011496
495,23,0,0,0.1552885526791215
495,24,0,0,0.005645898419606965
495,25,0,0,0.013390432141022757
495,26,1,1,0.29163140039891006
495,27,0,0,0.047754135983996096
275,0,0,0,0.001529741626836767
275,1,0,0,0.0005690934588301388
275,2,0,0,0.0031809266971322358
275,3,0,0,0.07587076998315752
275,4,0,0,0.0014980989785726706
275,5,0,0,0.036071192554663865
275,6,0,0,0.0008868422039540746
275,7,0,1,0.30307130627334117
275,8,0,0,0.0017598445636394899
275,9,0,0,0.0018051534303140215
275,10,0,1,0.2219490222632885
275,11,0,0,0.0009941244432411622
275,12,1,1,0.1967162847518921
275,13,1,1,0.31233841851353644
275,14,0,0,0.0006371191590005765
275,15,0,0,0.009345812269020825
275,16,0,1,0.31869544833898544
275,17,1,1,0.41367013528943064
275,18,1,1,0.3867631822824478
275,19,0,0,0.1599099688231945
275,20,0,1,0.4030055314302444
275,21,1,1,0.4209721878170967
101,0,0,0,0.003495480729768271
101,1,0,1,0.29401549519971015
101,2,0,0,0.0002102024573559902
101,3,0,0,0.0001267559263254725
101,4,0,0,0.0014807954936259192
101,5,0,0,0.0038412973714002873
101,6,0,0,0.004279029783451449
101,7,0,0,0.05521250499878079
101,8,0,0,0.061273574666120115
101,9,0,0,0.0018063430301825888
101,10,0,0,0.0018860934185063627
101,11,0,0,0.0020636889077650265
101,12,0,0,0.004661377354841534
101,13,0,0,0.09304143544286489
101,14,0,1,0.42721922919154165
101,15,0,0,0.005795648532411235
101,16,0,1,0.28789829574525355
101,17,0,0,0.0016648638447804842
101,18,0,0,0.08627011263743042
101,19,0,0,0.1471183778718114
101,20,0,0,0.14357464024797081
101,21,1,1,0.28233388215303423
318,0,0,0,0.09112281436100603
318,1,0,1,0.22586426250636576
318,2,0,0,0.15298314914107322
318,3,1,1,0.2928414635360241
318,4,0,0,0.16802668068557977
318,5,1,1,0.250492050498724
318,6,0,0,0.1429690059274435
318,7,1,1,0.2904197469353676
318,8,0,0,0.06489309035241604
318,9,1,1,0.23065749555826187
318,10,0,0,0.06688595479354262
318,11,1,1,0.28202636130154135
318,12,0,0,0.029735606663598445
318,13,0,1,0.19895442463457585
318,14,0,0,0.008780647302046418
318,15,0,0,0.023731562939065042
318,16,0,0,0.08968350924551487
318,17,0,1,0.211545998044312
318,18,1,1,0.5442148134112358
318,19,1,1,0.31065135523676873
578,0,1,1,0.7298763006925583
578,1,1,1,0.47207659408450126
578,2,0,0,0.22580344176385553
578,3,0,0,0.04687299419310875
2,0,0,0,0.0017883153994716849
2,1,0,0,0.005448467624543696
2,2,0,0,0.025192659930326045
2,3,0,0,0.02816592585295439
2,4,0,0,0.011727379531657789
2,5,0,0,0.000585190124456858
2,6,0,0,0.0007389465745745837
2,7,0,0,0.1399280218873173
2,8,0,0,0.14814150487072766
2,9,0,0,0.001995875723878271
2,10,0,0,0.007439790188800544
2,11,0,0,0.10682545462623239
2,12,0,0,0.045077933825086805
2,13,1,1,0.7501271903514862
2,14,0,0,0.05756941200233996
2,15,0,0,0.028187160938978197
2,16,0,1,0.640732803940773
76,0,0,0,0.0007722937410221675
76,1,0,0,0.007644674793118611
76,2,0,0,0.0015194466661341722
76,3,0,0,0.0650268972851336
76,4,0,0,0.012148035163409076
76,5,0,1,0.2482078827917576
76,6,0,0,0.052275660634040835
76,7,0,0,0.15058437269181013
76,8,0,0,0.006040776694135275
76,9,0,1,0.4387658789753914
76,10,0,1,0.21136298030614853
76,11,0,0,0.1422730777412653
76,12,0,0,0.03832239634357393
76,13,0,0,0.12182009853422641
76,14,1,1,0.7991395950317383
234,0,0,0,0.0003167855147893306
234,1,0,0,0.000651607237978169
234,2,0,0,0.0006020783313942957
234,3,0,0,0.007783443096559495
234,4,0,0,0.009243424936721567
234,5,0,0,0.103638518974185
234,6,0,0,0.0016843108445755207
234,7,0,1,0.24532424211502074
234,8,0,0,0.0005212938344811846
234,9,1,1,0.5618635542690754
234,10,0,0,0.00048262484976930865
234,11,1,1,0.48167698457837105
234,12,1,1,0.34227976873517035
234,13,1,1,0.4383812353014946
234,14,0,0,0.1887429140508175
234,15,0,1,0.22712290994822978
234,16,0,1,0.4119594983756542
234,17,1,1,0.4552457228302956
234,18,0,1,0.4024977579712868
135,0,0,0,0.0011578871533856727
135,1,0,0,0.018146436126207276
135,2,0,0,0.0003426356195973312
135,3,0,0,0.04270762307569385
135,4,0,0,0.15987896975129842
135,5,0,0,0.1550127100199461
135,6,0,0,0.0560810100287199
135,7,0,0,0.003457064376290964
135,8,0,0,0.0019332842235371573
135,9,0,0,0.0032045123806422994
135,10,0,0,8.217118913762533e-05
135,11,0,0,8.014948134018595e-05
135,12,0,0,0.0032961134225843124
135,13,0,0,0.0029060152170785614
135,14,0,0,0.03308745128451847
135,15,0,0,0.002478558593829927
135,16,0,0,0.001730480148398783
135,17,0,0,0.058466395316645506
135,18,0,0,0.18580708299996332
135,19,0,1,0.23794474378228186
135,20,0,0,0.07150029330514371
135,21,1,1,0.6726826086640358
135,22,0,1,0.36332474574446677
306,0,0,0,0.009129310346907005
306,1,0,0,0.0007926304835564224
306,2,0,0,0.02027858758228831
306,3,0,0,0.009375848018680698
306,4,0,0,0.004169136452492239
306,5,0,0,0.00011949563924673612
306,6,0,0,0.03345017451792955
306,7,0,0,0.08877184204757213
306,8,0,0,0.08377376589924097
306,9,0,0,0.02530997443245724
306,10,0,1,0.46397419199347495
306,11,0,0,0.0033516585754114203
306,12,0,0,0.0003087057502455082
306,13,0,0,0.1035498520359397
306,14,0,0,0.06009322553873062
306,15,0,1,0.896619588136673
306,16,0,1,0.32421647794544695
306,17,0,0,0.06738816788420081
306,18,0,0,0.0041571003130229656
306,19,0,0,0.07849922487512231
306,20,0,0,0.0347276802174747
306,21,1,1,0.6622513175010681
429,0,0,0,0.0068527573013852814
429,1,0,0,0.00849475259310566
429,2,0,0,0.01995550244973856
429,3,0,0,0.0033316914503302543
429,4,0,0,0.0015612014140060637
429,5,0,0,0.029877972207032144
429,6,0,0,0.003715724762878381
429,7,0,0,0.025194368162192404
429,8,0,0,0.00038278472820820755
429,9,0,0,0.0037956870073685423
429,10,0,0,0.1603100635111332
429,11,0,1,0.48704595752060414
429,12,0,1,0.32421507090330126
429,13,1,0,0.08541771424934268
429,14,0,0,0.01957981023006141
429,15,0,1,0.20976859144866467
429,16,0,0,0.030469446908682585
429,17,0,0,0.08037137473002076
429,18,0,1,0.29448229148983956
429,19,0,0,0.14299284145236016
429,20,0,1,0.4693790704011917
429,21,0,0,0.05489798914641142
429,22,0,0,0.048720281210262326
429,23,0,0,0.00871517217019573
260,0,0,0,0.0003428442896591832
260,1,0,0,0.00023601221382705262
260,2,0,0,0.0011267533163845656
260,3,0,0,7.090838824668211e-05
260,4,0,0,0.004559508123202249
260,5,0,0,0.00018828004365332163
260,6,0,0,0.027278695674613117
260,7,0,0,0.026716476999718
260,8,0,0,0.0008032975076275762
260,9,0,0,0.008656926621915773
260,10,0,1,0.3325809309259057
260,11,0,0,0.0013423249976767693
260,12,0,0,0.09445837289094924
260,13,0,0,0.01317193581489846
260,14,0,0,0.01817518495954573
260,15,0,0,0.06832359544932842
260,16,0,0,0.18005764135159552
260,17,0,0,0.005151601418037899
260,18,0,0,0.006359360011992976
260,19,0,1,0.9181106805801391
260,20,1,1,0.5214118253439665
590,0,0,0,1.5755602145874416e-05
590,1,0,0,5.8200420527573794e-05
590,2,0,0,3.761031450228991e-05
590,3,0,0,0.00010482252262136171
590,4,0,0,7.07728831049147e-05
590,5,0,0,0.0032137548574610263
590,6,0,0,0.00010545312978820221
590,7,0,0,0.0004066816949631624
590,8,0,0,0.0011718143628687728
590,9,0,0,0.00044207231749169293
590,10,0,0,0.0003632934621360134
590,11,0,0,0.0055453647488320715
590,12,0,0,0.0013911354804243103
590,13,0,0,0.0004910871739355116
590,14,0,0,0.0027973069620202294
590,15,0,0,0.000576042584841946
590,16,0,0,0.00027831322572637875
590,17,0,0,0.0006026590967394441
590,18,0,0,0.007845750541309825
590,19,0,0,0.02140494013128773
590,20,0,0,0.008083979593357072
590,21,0,0,0.007856823509791866
590,22,0,0,0.1408830028027296
590,23,0,0,0.0002782600546393177
590,24,0,0,0.002334440629783785
590,25,0,0,0.0008972845456465706
590,26,0,0,0.047041643690317866
590,27,0,0,0.03787221040111035
590,28,0,0,0.005702914602261444
590,29,0,0,0.002820834653769566
590,30,0,0,0.0003215725550035131
590,31,0,0,0.01905166762880981
590,32,0,0,0.02248509149940219
590,33,0,0,0.014640463491468836
590,34,0,0,0.02201279237633571
590,35,0,1,0.33974368758499623
590,36,0,0,0.045819601975381374
590,37,0,0,0.022372289502527565
590,38,0,0,0.2207944689784199
590,39,0,0,0.01871262646673131
590,40,0,0,0.006808052145424881
590,41,0,0,0.043553062656428665
590,42,0,0,0.09946138132363558
590,43,0,0,0.11606697645038366
590,44,0,0,0.01077875644841697
590,45,0,0,0.03862156667746604
590,46,1,1,0.3564706467092037
590,47,1,0,0.1288035630248487
590,48,0,0,0.026926075466326437
590,49,0,0,0.0005263935632228822
590,50,0,0,0.020442645201546837
590,51,1,0,0.03684059949591756
590,52,0,0,0.018303332501091063
590,53,0,0,0.044882792001590135
590,54,0,0,0.0076530731338607435
590,55,0,0,0.027839784452226013
590,56,0,0,0.0022154178222990595
590,57,0,0,0.0021280959772411734
590,58,0,0,0.03159842588938773
590,59,0,0,0.003897598836920224
590,60,1,0,0.038448415347374976
164,0,0,0,0.04518347436096519
164,1,0,0,0.16229299902915956
164,2,1,1,0.4614303715527058
164,3,0,0,0.00884489132440649
164,4,0,0,0.04493655343540013
164,5,0,0,0.0017453959764424098
164,6,0,0,0.0035527139319128766
164,7,0,0,0.039826507959514854
164,8,0,1,0.24985387548804283
164,9,0,1,0.4144850805401802
164,10,0,1,0.24969794675707818
164,11,0,0,0.03774347328580916
164,12,0,0,0.028546333538906767
164,13,0,0,0.018984497104247565
164,14,0,0,0.0023893821538422343
164,15,0,0,0.03310092951360275
164,16,0,0,0.00597580913515543
164,17,0,0,0.002232004211691674
164,18,0,0,0.004378439367155806
164,19,0,0,0.07787383468821645
676,0,0,0,0.001803766578086652
676,1,0,0,0.00142256510007428
676,2,0,1,0.27722125947475434
676,3,1,1,0.2794336523860693
676,4,1,1,0.29117508605122566
676,5,1,1,0.239113974198699
676,6,1,1,0.3503480561077595
676,7,1,1,0.3723036676645279
676,8,0,1,0.37393980771303176
676,9,0,1,0.33111498281359675
647,0,0,0,0.0009107948224304607
647,1,0,0,0.03141600479139015
647,2,0,1,0.24466604739427567
647,3,1,1,0.3997424945235252
647,4,0,1,0.24954792559146882
647,5,0,0,0.03768701017834246
647,6,0,0,0.02832016030224622
647,7,0,1,0.2366601299494505
647,8,0,0,0.15849982127547263
647,9,0,0,0.18041822873055935
647,10,0,0,0.14942899644374846
647,11,0,1,0.22467115819454192
675,0,0,0,0.0015006344256107695
675,1,0,0,0.001579464382666629
675,2,0,1,0.2969131745398045
675,3,0,1,0.30521455109119416
675,4,0,1,0.279886931180954
675,5,0,1,0.25532264932990073
675,6,0,1,0.3853901796042919
675,7,0,1,0.30619708001613616
675,8,0,1,0.3916060641407967
675,9,1,1,0.34267156198620796
607,0,0,0,0.07314790119417011
607,1,0,0,0.11780159920454025
607,2,0,1,0.22903557531535626
607,3,1,1,0.691859308630228
607,4,1,1,0.65755769982934
607,5,0,1,0.24497407069429755
607,6,0,0,0.10883302595466375
607,7,0,0,0.06675383576657623
