mol_id,atom_id,true_label,predicted_label,predicted_binary_label
576,0,0,0.5217538,False
576,1,0,0.50655794,False
576,2,0,0.53191197,False
576,3,0,0.5205523,False
576,4,0,0.5177592,False
576,5,0,0.5450109,False
576,6,0,0.5771107,False
576,7,0,0.5308622,False
576,8,0,0.57730615,False
576,9,0,0.7073987,True
576,10,0,0.54205364,False
576,11,0,0.7188005,True
576,12,0,0.5178804,False
576,13,0,0.54513377,False
576,14,0,0.537222,False
576,15,0,0.5356055,False
576,16,0,0.5331332,False
576,17,0,0.57048565,False
576,18,0,0.70839417,True
576,19,0,0.5020393,False
576,20,0,0.5875733,False
576,21,0,0.5714463,False
576,22,0,0.54023176,False
576,23,0,0.71397305,True
576,24,0,0.55444026,False
576,25,0,0.5152742,False
576,26,0,0.56744224,False
576,27,0,0.546235,False
576,28,0,0.50204283,False
576,29,0,0.50282437,False
576,30,0,0.559384,False
576,31,0,0.6438021,True
576,32,0,0.5990554,False
576,33,0,0.5076143,False
576,34,0,0.57522327,False
576,35,0,0.53039926,False
576,36,0,0.6870726,True
576,37,0,0.5139267,False
576,38,1,0.7247331,True
576,39,1,0.7244347,True
576,40,0,0.5015653,False
576,41,0,0.53820324,False
576,42,0,0.5466834,False
576,43,0,0.56374395,False
576,44,0,0.6193164,True
576,45,0,0.6159376,True
576,46,1,0.6279566,True
576,47,0,0.5961168,False
576,48,0,0.50463444,False
576,49,0,0.5368546,False
576,50,0,0.694905,True
576,51,0,0.58025223,False
567,0,0,0.502345,False
567,1,0,0.5095437,False
567,2,0,0.5012934,False
567,3,0,0.50368285,False
567,4,0,0.50141245,False
567,5,0,0.50169826,False
567,6,0,0.50460285,False
567,7,0,0.5575753,False
567,8,0,0.5338433,False
567,9,0,0.5378854,False
567,10,0,0.710756,True
567,11,0,0.59805036,False
567,12,0,0.5164639,False
567,13,0,0.5092523,False
567,14,0,0.5305152,False
567,15,0,0.5014064,False
567,16,0,0.504057,False
567,17,0,0.702553,True
567,18,0,0.5308743,False
567,19,0,0.5707537,False
567,20,0,0.53098583,False
567,21,0,0.62269074,True
567,22,0,0.5416945,False
567,23,0,0.5444558,False
567,24,0,0.6095881,False
567,25,0,0.6093281,False
567,26,0,0.66394794,True
567,27,0,0.6454756,True
567,28,0,0.5319228,False
567,29,0,0.5059802,False
567,30,0,0.5434135,False
567,31,0,0.6286655,True
567,32,0,0.543613,False
567,33,0,0.61388737,True
567,34,0,0.65797865,True
567,35,0,0.7128415,True
567,36,1,0.6665254,True
567,37,1,0.6558069,True
567,38,0,0.681372,True
567,39,0,0.69183034,True
567,40,0,0.6638971,True
567,41,0,0.676103,True
567,42,0,0.67481923,True
600,0,0,0.50294155,False
600,1,0,0.6914345,True
600,2,0,0.5505415,False
600,3,1,0.70819247,True
600,4,1,0.7037203,True
600,5,0,0.6562478,True
600,6,0,0.6625109,True
594,0,1,0.62570745,True
594,1,1,0.6746249,True
594,2,1,0.6151371,True
594,3,1,0.67549884,True
598,0,0,0.5022829,False
598,1,0,0.5401409,False
598,2,0,0.5017409,False
598,3,0,0.6042457,False
598,4,0,0.50245214,False
598,5,0,0.5405129,False
598,6,0,0.5011556,False
598,7,0,0.5006249,False
598,8,0,0.5862649,False
598,9,0,0.5022135,False
598,10,0,0.50195193,False
598,11,0,0.6683783,True
598,12,0,0.51679933,False
598,13,0,0.50153977,False
598,14,0,0.5122796,False
598,15,0,0.5082609,False
598,16,1,0.56896496,False
598,17,0,0.50463706,False
598,18,0,0.54120696,False
598,19,0,0.50869364,False
598,20,0,0.5588208,False
598,21,1,0.570848,False
598,22,0,0.55336726,False
598,23,0,0.55064756,False
598,24,0,0.5376739,False
598,25,0,0.5185419,False
598,26,0,0.5231408,False
598,27,0,0.5705535,False
598,28,0,0.5506471,False
598,29,0,0.55669904,False
598,30,0,0.5022388,False
598,31,0,0.53460985,False
598,32,0,0.53459436,False
598,33,0,0.5818293,False
598,34,0,0.5217299,False
598,35,0,0.53277963,False
598,36,0,0.508338,False
598,37,0,0.52880293,False
598,38,0,0.6223765,True
598,39,0,0.58706737,False
598,40,0,0.54472595,False
598,41,0,0.51031315,False
598,42,0,0.57272226,False
598,43,1,0.67936724,True
598,44,0,0.6153775,True
598,45,0,0.52810496,False
598,46,0,0.5136765,False
598,47,0,0.590969,False
598,48,0,0.5152326,False
598,49,0,0.5196547,False
598,50,1,0.6635906,True
598,51,0,0.51703155,False
598,52,0,0.515798,False
598,53,0,0.5161227,False
598,54,0,0.5113629,False
598,55,0,0.52495474,False
598,56,0,0.5226682,False
598,57,1,0.51359683,False
598,58,0,0.50270444,False
598,59,0,0.6649854,True
598,60,0,0.51699096,False
598,61,1,0.51510423,False
598,62,1,0.5313064,False
598,63,0,0.5526598,False
598,64,0,0.55267185,False
557,0,0,0.5063679,False
557,1,0,0.60405594,False
557,2,0,0.64601016,True
557,3,0,0.6647935,True
557,4,0,0.65612704,True
557,5,0,0.5938905,False
557,6,0,0.63569856,True
557,7,0,0.51040167,False
557,8,0,0.5843779,False
557,9,0,0.65539265,True
557,10,0,0.66912967,True
557,11,0,0.66064477,True
557,12,0,0.59824616,False
557,13,0,0.55204844,False
557,14,0,0.57395005,False
557,15,0,0.54585016,False
557,16,0,0.6204366,True
557,17,0,0.6789031,True
557,18,0,0.556378,False
557,19,0,0.6133669,False
557,20,0,0.6733806,True
557,21,0,0.61119205,False
557,22,0,0.7050292,True
557,23,0,0.5045324,False
557,24,0,0.52310574,False
557,25,0,0.5012921,False
557,26,0,0.56324077,False
557,27,0,0.56917506,False
557,28,0,0.5056109,False
557,29,0,0.5381875,False
557,30,0,0.7201425,True
557,31,1,0.5136957,False
557,32,0,0.699409,True
557,33,1,0.60305583,False
597,0,0,0.50001115,False
597,1,0,0.500046,False
597,2,0,0.50004894,False
597,3,0,0.50007564,False
597,4,0,0.5001053,False
597,5,0,0.503314,False
597,6,0,0.5001422,False
597,7,0,0.50056773,False
597,8,0,0.5002743,False
597,9,0,0.5006891,False
597,10,0,0.500035,False
597,11,0,0.50156444,False
597,12,0,0.5003795,False
597,13,0,0.5014587,False
597,14,0,0.50710034,False
597,15,0,0.50262076,False
597,16,0,0.5044332,False
597,17,0,0.50858915,False
597,18,0,0.5308426,False
597,19,0,0.5090001,False
597,20,0,0.50056064,False
597,21,0,0.5015504,False
597,22,0,0.64950883,True
597,23,0,0.5016863,False
597,24,0,0.6061612,False
597,25,0,0.5009882,False
597,26,0,0.5193913,False
597,27,0,0.52356315,False
597,28,0,0.5247621,False
597,29,0,0.545216,False
597,30,0,0.502389,False
597,31,0,0.50616086,False
597,32,0,0.5008763,False
597,33,0,0.5639768,False
597,34,0,0.5440288,False
597,35,0,0.631719,True
597,36,0,0.5062589,False
597,37,0,0.54845977,False
597,38,0,0.557438,False
597,39,0,0.5817362,False
597,40,0,0.56833225,False
597,41,0,0.5178928,False
597,42,0,0.56099504,False
597,43,0,0.55932397,False
597,44,0,0.5429517,False
597,45,0,0.5855084,False
597,46,0,0.51551807,False
597,47,0,0.60055184,False
597,48,0,0.70408124,True
597,49,0,0.5327392,False
597,50,0,0.513501,False
597,51,0,0.51940554,False
597,52,0,0.5142984,False
597,53,0,0.51604503,False
597,54,0,0.5973541,False
597,55,0,0.6126006,False
597,56,0,0.5263363,False
597,57,0,0.58455557,False
597,58,0,0.53095895,False
597,59,0,0.5155904,False
597,60,0,0.55287445,False
597,61,0,0.57747227,False
597,62,0,0.5459956,False
597,63,0,0.6544345,True
597,64,0,0.5080228,False
597,65,1,0.5946454,False
597,66,0,0.60625476,False
597,67,0,0.63187385,True
599,0,0,0.5015793,False
599,1,0,0.5738578,False
599,2,0,0.5006042,False
599,3,0,0.61078405,False
599,4,0,0.5009953,False
599,5,0,0.5504756,False
599,6,0,0.5015267,False
599,7,0,0.5033335,False
599,8,0,0.6109013,False
599,9,0,0.5007302,False
599,10,0,0.5063572,False
599,11,0,0.60815513,False
599,12,0,0.50902253,False
599,13,0,0.501404,False
599,14,0,0.5119632,False
599,15,0,0.50905174,False
599,16,1,0.54792523,False
599,17,0,0.506091,False
599,18,0,0.5361803,False
599,19,0,0.51176596,False
599,20,0,0.5707864,False
599,21,1,0.5510789,False
599,22,0,0.5596678,False
599,23,0,0.5435455,False
599,24,0,0.5434112,False
599,25,0,0.538505,False
599,26,0,0.5242373,False
599,27,0,0.57273185,False
599,28,0,0.5640108,False
599,29,0,0.5268205,False
599,30,0,0.5017207,False
599,31,0,0.53854734,False
599,32,0,0.5385491,False
599,33,0,0.592589,False
599,34,0,0.51743776,False
599,35,0,0.5542363,False
599,36,0,0.50371736,False
599,37,0,0.5197499,False
599,38,0,0.6545003,True
599,39,0,0.5935539,False
599,40,0,0.52228695,False
599,41,0,0.5135003,False
599,42,0,0.5800828,False
599,43,0,0.69464296,True
599,44,0,0.6376771,True
599,45,0,0.5296709,False
599,46,0,0.51267767,False
599,47,0,0.5774326,False
599,48,0,0.5163512,False
599,49,0,0.51204175,False
599,50,0,0.6795867,True
599,51,0,0.51528823,False
599,52,0,0.5062091,False
599,53,0,0.514156,False
599,54,1,0.606523,False
599,55,0,0.52817553,False
599,56,0,0.5312383,False
599,57,0,0.518342,False
599,58,0,0.5551743,False
599,59,1,0.51889306,False
599,60,0,0.5026626,False
599,61,0,0.6512061,True
599,62,0,0.51977235,False
599,63,0,0.50597084,False
599,64,0,0.5140791,False
599,65,0,0.5311615,False
599,66,1,0.5983656,False
599,67,0,0.54127765,False
572,0,0,0.50777763,False
572,1,0,0.5480821,False
572,2,0,0.5238979,False
572,3,0,0.6649437,True
572,4,0,0.5121044,False
572,5,0,0.57373554,False
572,6,0,0.59204865,False
572,7,0,0.512099,False
572,8,0,0.6109624,False
572,9,0,0.5454217,False
572,10,0,0.5058365,False
572,11,0,0.6198672,True
572,12,0,0.6090553,False
572,13,1,0.64219904,True
572,14,0,0.5265554,False
572,15,0,0.56904286,False
572,16,0,0.5413892,False
572,17,0,0.5156991,False
572,18,0,0.52208,False
572,19,0,0.5426585,False
572,20,0,0.5535582,False
572,21,0,0.5093426,False
572,22,0,0.5454463,False
572,23,0,0.594572,False
572,24,0,0.58881915,False
572,25,0,0.5503217,False
572,26,0,0.5414954,False
572,27,0,0.6301648,True
572,28,0,0.5064145,False
572,29,0,0.50626564,False
572,30,0,0.5394607,False
572,31,0,0.5424239,False
572,32,0,0.6187908,True
572,33,0,0.50572073,False
572,34,0,0.61261284,False
572,35,0,0.5967228,False
572,36,0,0.51025814,False
572,37,0,0.6391294,True
572,38,0,0.5014247,False
572,39,0,0.5143373,False
572,40,0,0.5115476,False
572,41,0,0.542753,False
572,42,0,0.6621147,True
572,43,0,0.5340936,False
572,44,0,0.67526454,True
572,45,0,0.5987367,False
601,0,0,0.67372453,True
601,1,0,0.58942634,False
601,2,0,0.5287311,False
601,3,1,0.6670181,True
601,4,1,0.72293645,True
601,5,0,0.57463044,False
601,6,0,0.6776753,True
601,7,0,0.68199885,True
561,0,0,0.508519,False
561,1,0,0.52663434,False
561,2,0,0.5703983,False
561,3,0,0.51823014,False
561,4,0,0.63069814,True
561,5,0,0.5386599,False
561,6,0,0.700069,True
561,7,0,0.5036438,False
561,8,0,0.5063595,False
561,9,0,0.67139274,True
561,10,0,0.5048143,False
561,11,0,0.5307377,False
561,12,0,0.5310186,False
561,13,0,0.5355582,False
561,14,0,0.5490853,False
561,15,0,0.52268845,False
561,16,0,0.50172716,False
561,17,0,0.5021197,False
561,18,0,0.5023526,False
561,19,0,0.60571265,False
561,20,0,0.50285596,False
561,21,0,0.5549632,False
561,22,0,0.5341486,False
561,23,0,0.50166386,False
561,24,0,0.5498104,False
561,25,0,0.5450295,False
561,26,0,0.58659375,False
561,27,0,0.53674537,False
561,28,0,0.7237625,True
561,29,1,0.7169953,True
561,30,0,0.5379339,False
561,31,1,0.72397584,True
561,32,0,0.57906103,False
561,33,0,0.5907537,False
561,34,0,0.55732507,False
561,35,0,0.54312027,False
561,36,0,0.65710306,True
561,37,0,0.57773215,False
561,38,0,0.5386673,False
561,39,0,0.55464846,False
561,40,0,0.6556358,True
561,41,0,0.52128834,False
561,42,0,0.60927397,False
561,43,0,0.6686918,True
561,44,0,0.658293,True
561,45,0,0.6892949,True
553,0,0,0.6841507,True
553,1,1,0.721508,True
553,2,0,0.59709936,False
563,0,0,0.5021114,False
563,1,0,0.50346076,False
563,2,0,0.5018589,False
563,3,0,0.53729415,False
563,4,0,0.51531243,False
563,5,0,0.5020858,False
563,6,0,0.5093978,False
563,7,0,0.5027618,False
563,8,0,0.5026064,False
563,9,0,0.5071066,False
563,10,0,0.53872854,False
563,11,0,0.5025595,False
563,12,0,0.6578696,True
563,13,0,0.51382977,False
563,14,0,0.5397097,False
563,15,0,0.5058131,False
563,16,0,0.60197663,False
563,17,1,0.68663883,True
563,18,1,0.7047801,True
563,19,0,0.51750904,False
563,20,0,0.59117395,False
563,21,0,0.60943437,False
563,22,0,0.5840553,False
563,23,0,0.6162479,True
563,24,0,0.51496947,False
563,25,0,0.5074396,False
563,26,0,0.55794895,False
563,27,0,0.5654176,False
563,28,0,0.50393987,False
563,29,0,0.5421693,False
563,30,0,0.50039464,False
563,31,0,0.5272667,False
563,32,0,0.721824,True
563,33,0,0.5003476,False
563,34,0,0.5293705,False
563,35,0,0.5710121,False
563,36,0,0.5021898,False
563,37,0,0.501664,False
563,38,0,0.58671397,False
563,39,0,0.5064561,False
563,40,0,0.5075011,False
563,41,0,0.5611514,False
563,42,0,0.50463635,False
559,0,0,0.5096516,False
559,1,0,0.60004544,False
559,2,0,0.63953745,True
559,3,0,0.65233016,True
559,4,0,0.6372999,True
559,5,0,0.5766163,False
559,6,0,0.6635737,True
559,7,0,0.5074291,False
559,8,0,0.60811543,False
559,9,0,0.65258986,True
559,10,0,0.6711245,True
559,11,0,0.68136835,True
559,12,0,0.59317654,False
559,13,0,0.55294424,False
559,14,0,0.55444306,False
559,15,0,0.5294127,False
559,16,0,0.6006713,False
559,17,0,0.6120358,False
559,18,0,0.53315,False
559,19,0,0.5978046,False
559,20,0,0.61352384,True
559,21,0,0.5889396,False
559,22,0,0.6971368,True
559,23,0,0.504995,False
559,24,0,0.5441196,False
559,25,0,0.5022707,False
559,26,0,0.5599383,False
559,27,0,0.55521375,False
559,28,0,0.5026086,False
559,29,0,0.5433192,False
559,30,0,0.7267705,True
559,31,1,0.7150009,True
559,32,0,0.6454521,True
559,33,0,0.6614925,True
543,0,1,0.72448784,True
543,1,0,0.53366804,False
543,2,1,0.7265616,True
543,3,0,0.5011542,False
543,4,0,0.5314509,False
543,5,0,0.5400103,False
543,6,0,0.5138517,False
543,7,0,0.53907824,False
543,8,0,0.53078634,False
543,9,0,0.64625067,True
543,10,0,0.51158524,False
543,11,0,0.57854944,False
543,12,0,0.53751373,False
543,13,0,0.53575903,False
543,14,0,0.55706203,False
543,15,0,0.51296884,False
543,16,0,0.5160485,False
543,17,0,0.6771388,True
543,18,0,0.6252819,True
543,19,0,0.67723453,True
543,20,0,0.6695507,True
543,21,0,0.5171891,False
543,22,0,0.5709819,False
543,23,0,0.5076804,False
543,24,0,0.5192614,False
543,25,0,0.6837715,True
543,26,0,0.6996268,True
543,27,0,0.68169886,True
543,28,0,0.57940316,False
543,29,0,0.5075091,False
543,30,0,0.7126013,True
543,31,1,0.7023796,True
577,0,0,0.511055,False
577,1,0,0.5807506,False
577,2,0,0.50994736,False
577,3,0,0.5156738,False
577,4,0,0.52288836,False
577,5,0,0.50141335,False
577,6,0,0.5021839,False
577,7,1,0.5302291,False
577,8,0,0.50518966,False
577,9,0,0.5045099,False
562,0,0,0.52171963,False
562,1,0,0.564257,False
562,2,0,0.5082301,False
562,3,0,0.53164,False
562,4,0,0.50495654,False
562,5,0,0.5407078,False
562,6,0,0.5097598,False
562,7,0,0.5159002,False
562,8,0,0.55486125,False
562,9,0,0.5461841,False
562,10,0,0.55953634,False
562,11,0,0.5144351,False
562,12,0,0.50803536,False
562,13,0,0.6175457,True
562,14,0,0.6124607,False
562,15,1,0.52840304,False
562,16,0,0.6054189,False
562,17,0,0.64326245,True
562,18,0,0.60685116,False
562,19,0,0.6320561,True
562,20,0,0.66238886,True
562,21,0,0.5392231,False
562,22,0,0.6168281,True
562,23,0,0.62886226,True
562,24,0,0.50710946,False
562,25,0,0.55168045,False
562,26,1,0.6353521,True
562,27,0,0.5528026,False
562,28,0,0.5517207,False
562,29,0,0.5017047,False
562,30,0,0.5022002,False
562,31,0,0.5013894,False
562,32,1,0.72253674,True
562,33,0,0.6207574,True
562,34,0,0.6239484,True
562,35,0,0.54555553,False
562,36,0,0.54243577,False
562,37,0,0.62730694,True
562,38,0,0.61273926,False
562,39,0,0.62035656,True
562,40,0,0.63655525,True
545,0,1,0.7258602,True
545,1,0,0.51780325,False
545,2,1,0.72584003,True
545,3,0,0.50543135,False
545,4,0,0.5314708,False
545,5,0,0.5341966,False
545,6,0,0.51243216,False
545,7,0,0.53448886,False
545,8,0,0.5244412,False
545,9,0,0.6544816,True
545,10,0,0.51485896,False
545,11,0,0.5858052,False
545,12,0,0.55673325,False
545,13,0,0.51812434,False
545,14,0,0.5535968,False
545,15,0,0.5151025,False
545,16,0,0.5156839,False
545,17,0,0.6784075,True
545,18,0,0.5949975,False
545,19,0,0.66926855,True
545,20,0,0.65924925,True
545,21,0,0.5174615,False
545,22,0,0.5754602,False
545,23,0,0.5082677,False
545,24,0,0.5139156,False
545,25,0,0.6617749,True
545,26,0,0.68108475,True
545,27,0,0.6537053,True
545,28,0,0.53522754,False
545,29,0,0.50649285,False
545,30,0,0.5460324,False
545,31,0,0.6572355,True
545,32,0,0.5338519,False
547,0,1,0.56479466,False
547,1,0,0.5011672,False
547,2,0,0.50081044,False
547,3,0,0.5007969,False
547,4,0,0.50257534,False
547,5,1,0.5575801,False
547,6,0,0.52921414,False
547,7,0,0.50788796,False
547,8,0,0.5028721,False
547,9,0,0.6254264,True
547,10,0,0.5131427,False
547,11,0,0.5022265,False
547,12,0,0.5152493,False
547,13,0,0.50372654,False
547,14,0,0.58111197,False
547,15,0,0.5062949,False
547,16,0,0.5053114,False
547,17,0,0.5194734,False
547,18,0,0.6745528,True
547,19,0,0.5079881,False
547,20,0,0.6654637,True
547,21,0,0.65973777,True
547,22,0,0.64378345,True
547,23,0,0.59655607,False
547,24,0,0.5596893,False
547,25,0,0.7121121,True
547,26,0,0.5857072,False
547,27,0,0.59504366,False
547,28,0,0.51518947,False
547,29,0,0.614858,True
547,30,1,0.64323515,True
547,31,0,0.51951057,False
547,32,0,0.54304147,False
547,33,0,0.55198413,False
596,0,0,0.61566055,True
596,1,0,0.6208087,True
596,2,0,0.5260676,False
596,3,1,0.7041826,True
596,4,0,0.71267223,True
596,5,0,0.71817726,True
596,6,1,0.7001912,True
610,0,1,0.6777555,True
610,1,1,0.68821174,True
610,2,1,0.62186205,True
610,3,1,0.57963437,False
610,4,1,0.69704586,True
610,5,1,0.656165,True
551,0,0,0.72635835,True
551,1,1,0.6706211,True
551,2,1,0.6754528,True
551,3,0,0.61125875,False
565,0,0,0.72312415,True
565,1,0,0.5148782,False
565,2,0,0.6085353,False
565,3,0,0.5057705,False
565,4,1,0.528322,False
565,5,0,0.57927775,False
565,6,0,0.5515579,False
565,7,0,0.5828486,False
565,8,0,0.5578833,False
565,9,0,0.56045103,False
565,10,0,0.57734823,False
565,11,0,0.6458412,True
565,12,0,0.6393787,True
565,13,0,0.6461906,True
565,14,0,0.6000738,False
565,15,0,0.6572631,True
565,16,0,0.6608253,True
565,17,0,0.6824771,True
565,18,0,0.52438205,False
565,19,0,0.5292336,False
565,20,0,0.5184164,False
565,21,0,0.54095155,False
565,22,0,0.64937925,True
565,23,1,0.68259346,True
565,24,1,0.66212523,True
565,25,1,0.66006464,True
565,26,0,0.51473445,False
565,27,0,0.50256807,False
565,28,0,0.51982707,False
565,29,0,0.5187566,False
565,30,0,0.5605961,False
565,31,0,0.55538946,False
565,32,0,0.5561242,False
565,33,0,0.5035667,False
565,34,0,0.67643976,True
565,35,0,0.5904234,False
565,36,0,0.60484886,False
565,37,0,0.62113535,True
565,38,1,0.5598779,False
565,39,0,0.6201528,True
606,0,0,0.6945101,True
606,1,0,0.5590741,False
606,2,0,0.50666344,False
606,3,0,0.5066692,False
606,4,0,0.5727921,False
606,5,0,0.5076629,False
606,6,0,0.5412567,False
606,7,0,0.6343009,True
606,8,0,0.61426336,True
606,9,0,0.70625734,True
606,10,0,0.6663102,True
606,11,1,0.7262419,True
606,12,1,0.72665834,True
552,0,0,0.68632025,True
552,1,0,0.593108,False
552,2,0,0.64706606,True
552,3,1,0.72676605,True
552,4,1,0.7269653,True
548,0,0,0.51598656,False
548,1,0,0.51196194,False
548,2,0,0.50213176,False
548,3,0,0.5014539,False
548,4,1,0.7048094,True
593,0,0,0.69476116,True
593,1,0,0.69606537,True
593,2,1,0.70828426,True
593,3,0,0.6717118,True
593,4,1,0.6974979,True
595,0,1,0.6787583,True
595,1,1,0.64263594,True
595,2,0,0.6852865,True
595,3,0,0.63755983,True
595,4,0,0.5384485,False
560,0,1,0.6230884,True
560,1,0,0.63191897,True
560,2,0,0.6713787,True
560,3,0,0.59903455,False
560,4,0,0.51025814,False
560,5,0,0.560716,False
560,6,0,0.64665514,True
560,7,0,0.6195228,True
560,8,1,0.68063664,True
560,9,0,0.57594985,False
560,10,0,0.66930443,True
560,11,0,0.65332836,True
560,12,0,0.53002053,False
560,13,0,0.5967592,False
560,14,0,0.58798677,False
560,15,0,0.5114312,False
560,16,0,0.60131556,False
560,17,0,0.58485603,False
560,18,0,0.542717,False
560,19,0,0.6007769,False
560,20,0,0.5090191,False
560,21,0,0.50832343,False
560,22,0,0.5020814,False
560,23,0,0.5790074,False
560,24,0,0.5984661,False
560,25,0,0.5045775,False
560,26,0,0.5879249,False
560,27,0,0.57004386,False
560,28,0,0.5285609,False
560,29,0,0.55343115,False
560,30,0,0.5149177,False
560,31,0,0.6895316,True
560,32,0,0.71912867,True
560,33,0,0.50411016,False
560,34,0,0.5759819,False
560,35,0,0.60663563,False
560,36,0,0.5073968,False
560,37,0,0.5925676,False
560,38,0,0.5963519,False
560,39,0,0.51055044,False
560,40,0,0.5034012,False
560,41,0,0.50509876,False
560,42,0,0.5057298,False
549,0,1,0.68928117,True
549,1,1,0.69206387,True
549,2,1,0.5300147,False
549,3,1,0.5525271,False
589,0,0,0.5031026,False
589,1,0,0.50354356,False
589,2,0,0.5124173,False
589,3,0,0.5025284,False
589,4,0,0.53117585,False
589,5,0,0.52082443,False
589,6,0,0.50304216,False
589,7,0,0.5010091,False
589,8,0,0.50244933,False
589,9,0,0.5086313,False
589,10,0,0.5152148,False
589,11,0,0.57190484,False
589,12,0,0.5068393,False
589,13,1,0.5136968,False
589,14,0,0.50924224,False
589,15,0,0.50901157,False
589,16,0,0.5148985,False
589,17,0,0.50296044,False
589,18,0,0.5051172,False
589,19,0,0.52697116,False
589,20,0,0.5017764,False
589,21,0,0.50953287,False
589,22,0,0.5604057,False
589,23,0,0.50329506,False
589,24,0,0.51128334,False
589,25,0,0.5470352,False
589,26,0,0.552185,False
589,27,0,0.59203005,False
589,28,0,0.5003994,False
589,29,0,0.5016541,False
589,30,0,0.50234294,False
589,31,0,0.60243964,False
589,32,0,0.50555634,False
589,33,0,0.5133878,False
589,34,0,0.5140093,False
589,35,0,0.5077948,False
589,36,0,0.57170343,False
589,37,0,0.5032363,False
589,38,0,0.5309914,False
589,39,0,0.52864105,False
589,40,0,0.5634007,False
589,41,0,0.50123847,False
589,42,0,0.50592595,False
589,43,0,0.50123847,False
589,44,0,0.5519093,False
589,45,0,0.5105622,False
589,46,0,0.51145864,False
589,47,0,0.50095755,False
589,48,0,0.50930715,False
589,49,0,0.51069564,False
589,50,0,0.51492554,False
589,51,0,0.5013553,False
589,52,0,0.54160845,False
589,53,0,0.53520155,False
589,54,0,0.5007148,False
589,55,0,0.5025246,False
589,56,1,0.5507092,False
589,57,0,0.515267,False
589,58,0,0.5135763,False
589,59,0,0.53043365,False
589,60,0,0.5334961,False
589,61,0,0.54886544,False
574,0,0,0.5629679,False
574,1,0,0.59522086,False
574,2,0,0.601958,False
574,3,0,0.6538385,True
574,4,0,0.5727418,False
574,5,0,0.54054046,False
574,6,0,0.57988,False
574,7,0,0.53103644,False
574,8,0,0.56156015,False
574,9,0,0.5406064,False
574,10,0,0.5101057,False
574,11,1,0.61509955,True
574,12,0,0.52733946,False
574,13,0,0.5627693,False
574,14,0,0.61475277,True
574,15,0,0.5572892,False
574,16,0,0.6541654,True
574,17,0,0.58054155,False
574,18,0,0.5381829,False
574,19,0,0.6206809,True
574,20,0,0.6460151,True
574,21,0,0.67674845,True
574,22,0,0.6516285,True
574,23,0,0.5082552,False
574,24,0,0.5119418,False
574,25,0,0.55550313,False
574,26,0,0.55398124,False
574,27,0,0.5160892,False
574,28,0,0.51082367,False
574,29,0,0.6128628,False
574,30,0,0.5964845,False
574,31,0,0.54667926,False
574,32,0,0.5618118,False
574,33,0,0.61033785,False
574,34,0,0.5327137,False
574,35,0,0.5074348,False
574,36,0,0.50286484,False
574,37,0,0.50835836,False
574,38,0,0.62512934,True
574,39,0,0.5090292,False
574,40,0,0.52949685,False
574,41,0,0.5483301,False
574,42,0,0.5016709,False
574,43,0,0.5592024,False
574,44,0,0.50295955,False
574,45,0,0.5568913,False
574,46,0,0.56638706,False
574,47,0,0.6183059,True
574,48,0,0.6360888,True
569,0,0,0.5040756,False
569,1,0,0.66920835,True
569,2,0,0.6646703,True
569,3,0,0.71696204,True
569,4,0,0.6875969,True
569,5,1,0.72293764,True
569,6,0,0.59148383,False
569,7,0,0.7058172,True
569,8,0,0.6226198,True
569,9,0,0.57114255,False
569,10,0,0.5127115,False
569,11,0,0.65765303,True
569,12,0,0.6341199,True
569,13,0,0.6725351,True
569,14,1,0.70670485,True
569,15,0,0.5072569,False
569,16,0,0.6955012,True
569,17,0,0.5142988,False
569,18,0,0.68125105,True
569,19,0,0.6884766,True
569,20,0,0.5038856,False
569,21,0,0.6626355,True
569,22,0,0.6969853,True
569,23,0,0.6429244,True
569,24,0,0.67156804,True
569,25,0,0.70219755,True
569,26,0,0.5105983,False
569,27,0,0.7014847,True
569,28,1,0.7146371,True
569,29,1,0.7113017,True
569,30,0,0.61204356,False
569,31,0,0.5580922,False
569,32,0,0.65819114,True
569,33,0,0.5042983,False
569,34,0,0.66938955,True
569,35,0,0.504225,False
569,36,0,0.6078766,False
569,37,0,0.6601571,True
569,38,0,0.5493914,False
569,39,0,0.6661758,True
569,40,0,0.513261,False
609,0,0,0.50290287,False
609,1,0,0.71146363,True
609,2,0,0.7066752,True
609,3,0,0.63962513,True
609,4,0,0.63533866,True
609,5,0,0.5571722,False
609,6,1,0.70371485,True
609,7,1,0.7210602,True
609,8,0,0.72185624,True
573,0,0,0.5206797,False
573,1,0,0.51415396,False
573,2,0,0.5431447,False
573,3,0,0.50954866,False
573,4,0,0.50624514,False
573,5,0,0.50116587,False
573,6,0,0.5031232,False
573,7,0,0.5109695,False
573,8,0,0.5080917,False
573,9,0,0.5114756,False
573,10,0,0.50561845,False
573,11,0,0.51328516,False
573,12,0,0.5283938,False
573,13,0,0.51267946,False
573,14,0,0.5422006,False
573,15,0,0.68798804,True
573,16,0,0.5222411,False
573,17,0,0.52255476,False
573,18,0,0.5729521,False
573,19,0,0.5151866,False
573,20,0,0.51261264,False
573,21,0,0.5676492,False
573,22,0,0.58304006,False
573,23,0,0.50996023,False
573,24,0,0.5662686,False
573,25,0,0.57802814,False
573,26,0,0.5044322,False
573,27,0,0.56386566,False
573,28,0,0.54501045,False
573,29,0,0.51493925,False
573,30,0,0.5669229,False
573,31,0,0.52077997,False
573,32,0,0.64360464,True
573,33,0,0.5834239,False
573,34,0,0.5290283,False
573,35,0,0.53141034,False
573,36,0,0.5709635,False
573,37,0,0.67806745,True
573,38,0,0.6353713,True
573,39,0,0.53108495,False
573,40,0,0.53356224,False
573,41,0,0.69189763,True
573,42,0,0.5727124,False
573,43,0,0.5406377,False
573,44,0,0.6079297,False
573,45,0,0.53866035,False
573,46,0,0.6539762,True
573,47,1,0.7185509,True
573,48,1,0.71534616,True
555,0,1,0.51045424,False
555,1,0,0.5036852,False
555,2,0,0.5042872,False
555,3,0,0.50256807,False
555,4,0,0.50285435,False
555,5,0,0.5081365,False
555,6,0,0.50758433,False
556,0,0,0.55476874,False
556,1,0,0.59806097,False
556,2,0,0.5205189,False
556,3,0,0.52490366,False
556,4,0,0.5025444,False
556,5,0,0.6062779,False
556,6,0,0.5014463,False
556,7,0,0.53039914,False
556,8,0,0.6164552,True
556,9,0,0.50213504,False
556,10,1,0.70623213,True
556,11,0,0.5026019,False
556,12,0,0.51301146,False
556,13,0,0.521139,False
556,14,0,0.52111703,False
556,15,0,0.505243,False
556,16,0,0.68616694,True
556,17,0,0.5817442,False
556,18,0,0.6419262,True
556,19,0,0.59092295,False
556,20,0,0.60231256,False
556,21,0,0.5020105,False
556,22,0,0.55998963,False
556,23,0,0.5751227,False
556,24,0,0.6408684,True
556,25,0,0.6399033,True
556,26,0,0.54729825,False
556,27,0,0.64075685,True
556,28,1,0.72806406,True
556,29,0,0.6576209,True
556,30,0,0.71249926,True
556,31,0,0.6336798,True
556,32,0,0.7180892,True
556,33,0,0.6525452,True
556,34,0,0.72564995,True
556,35,0,0.7206113,True
556,36,0,0.71775573,True
556,37,0,0.6873872,True
556,38,0,0.69373345,True
556,39,0,0.72381455,True
556,40,0,0.7211824,True
591,0,0,0.5002136,False
591,1,0,0.50221956,False
591,2,0,0.50133663,False
591,3,0,0.5004804,False
591,4,0,0.50105107,False
591,5,0,0.53466344,False
591,6,0,0.52579546,False
591,7,0,0.515028,False
591,8,0,0.5006459,False
591,9,0,0.5931358,False
591,10,0,0.50269455,False
591,11,0,0.5670206,False
591,12,0,0.5047057,False
591,13,0,0.50082207,False
591,14,0,0.5025143,False
591,15,0,0.5038132,False
591,16,1,0.5501193,False
591,17,0,0.50918376,False
591,18,0,0.5076703,False
591,19,0,0.5068898,False
591,20,0,0.5092675,False
591,21,0,0.53135955,False
591,22,0,0.50615174,False
591,23,0,0.50757563,False
591,24,0,0.5161232,False
591,25,0,0.50168836,False
591,26,0,0.518821,False
591,27,0,0.5055525,False
591,28,0,0.5026691,False
591,29,0,0.5081663,False
591,30,0,0.5043815,False
591,31,0,0.530463,False
591,32,0,0.5313167,False
591,33,0,0.6148223,True
591,34,0,0.506304,False
591,35,0,0.5204567,False
591,36,0,0.51222116,False
591,37,0,0.50743,False
591,38,0,0.5082646,False
591,39,0,0.50950885,False
591,40,0,0.5107888,False
591,41,1,0.6139094,True
591,42,0,0.51845104,False
591,43,0,0.56183594,False
591,44,0,0.5171809,False
591,45,0,0.52297133,False
591,46,0,0.5227731,False
591,47,0,0.5064094,False
591,48,0,0.6206008,True
591,49,0,0.61410475,True
591,50,0,0.50867563,False
591,51,0,0.5118628,False
591,52,0,0.5266936,False
591,53,0,0.53590137,False
591,54,0,0.50959575,False
591,55,0,0.51376736,False
591,56,0,0.52754813,False
591,57,0,0.5048374,False
591,58,1,0.61700904,True
591,59,0,0.51986265,False
591,60,0,0.52365786,False
564,0,0,0.5035802,False
564,1,0,0.52015793,False
564,2,0,0.54803884,False
564,3,0,0.50337034,False
564,4,0,0.52723515,False
564,5,0,0.5957329,False
564,6,0,0.6735019,True
564,7,0,0.6875928,True
564,8,0,0.66904885,True
564,9,0,0.57730556,False
564,10,0,0.59456843,False
564,11,0,0.687358,True
564,12,0,0.66078806,True
564,13,0,0.64542866,True
564,14,0,0.5978667,False
564,15,0,0.6452938,True
564,16,0,0.6399007,True
564,17,0,0.6678615,True
564,18,0,0.6866628,True
564,19,0,0.5557601,False
564,20,1,0.6987536,True
564,21,0,0.5751949,False
564,22,0,0.6007927,False
564,23,0,0.69601905,True
564,24,0,0.50546426,False
564,25,0,0.5644688,False
564,26,0,0.568697,False
564,27,0,0.5050625,False
564,28,0,0.5882717,False
564,29,0,0.58760196,False
564,30,0,0.5395011,False
564,31,1,0.6976328,True
564,32,1,0.6919756,True
564,33,1,0.7050022,True
564,34,0,0.62685597,True
568,0,0,0.5217254,False
568,1,0,0.7093674,True
568,2,0,0.70845205,True
568,3,0,0.5276287,False
568,4,0,0.6891152,True
568,5,0,0.6738178,True
568,6,0,0.5096261,False
568,7,0,0.6182393,True
568,8,0,0.51998883,False
568,9,0,0.51059145,False
568,10,0,0.5051728,False
568,11,0,0.5101706,False
568,12,0,0.6859633,True
568,13,0,0.5405517,False
568,14,0,0.695255,True
568,15,1,0.729188,True
568,16,0,0.58806145,False
568,17,0,0.7098464,True
568,18,0,0.7072434,True
568,19,0,0.7128362,True
568,20,0,0.7247537,True
568,21,0,0.72287685,True
568,22,0,0.72326857,True
568,23,0,0.7152562,True
568,24,0,0.51428574,False
568,25,0,0.7134382,True
568,26,0,0.7231475,True
568,27,0,0.72371185,True
568,28,0,0.7069163,True
568,29,0,0.6562793,True
568,30,0,0.67165637,True
568,31,0,0.6668661,True
568,32,1,0.72921133,True
568,33,0,0.6300396,True
568,34,0,0.71740866,True
568,35,0,0.7239607,True
568,36,0,0.7252292,True
568,37,0,0.72466314,True
568,38,0,0.71384394,True
587,0,0,0.5074882,False
587,1,0,0.5722837,False
587,2,0,0.5010557,False
587,3,0,0.5226415,False
587,4,0,0.5361982,False
587,5,0,0.54215556,False
587,6,0,0.50608695,False
587,7,0,0.51531094,False
587,8,0,0.5285083,False
587,9,0,0.5293347,False
587,10,1,0.6604953,True
587,11,0,0.50063145,False
587,12,0,0.5076252,False
587,13,0,0.50889224,False
587,14,0,0.68721193,True
587,15,0,0.5564294,False
587,16,0,0.50047505,False
587,17,0,0.5023911,False
587,18,0,0.5120682,False
587,19,0,0.56138647,False
587,20,0,0.5038601,False
587,21,0,0.5012622,False
587,22,0,0.52036256,False
587,23,0,0.52800816,False
587,24,0,0.59922534,False
587,25,0,0.5210073,False
587,26,0,0.55777985,False
587,27,0,0.50084656,False
587,28,0,0.54695654,False
587,29,0,0.5966197,False
587,30,0,0.5049527,False
587,31,0,0.50212157,False
587,32,0,0.5007767,False
587,33,0,0.60515714,False
587,34,0,0.5093833,False
587,35,0,0.5347898,False
587,36,0,0.51045567,False
587,37,0,0.5087874,False
587,38,0,0.5012183,False
587,39,0,0.5507404,False
587,40,0,0.53201073,False
587,41,0,0.50779694,False
587,42,0,0.51511663,False
587,43,0,0.5293649,False
587,44,0,0.5548092,False
587,45,0,0.57522565,False
587,46,0,0.5536804,False
587,47,0,0.5252991,False
587,48,0,0.5621872,False
587,49,0,0.5299237,False
587,50,0,0.57516235,False
587,51,0,0.56107014,False
587,52,0,0.5977451,False
587,53,0,0.53819,False
587,54,0,0.5435157,False
587,55,0,0.5176545,False
587,56,0,0.6581376,True
554,0,0,0.50253654,False
554,1,0,0.5078707,False
554,2,0,0.50847,False
554,3,0,0.50141454,False
554,4,1,0.517466,False
554,5,0,0.51738316,False
554,6,0,0.5469968,False
566,0,0,0.50193703,False
566,1,0,0.5013808,False
566,2,0,0.5004587,False
566,3,0,0.5028926,False
566,4,0,0.50092715,False
566,5,0,0.5019405,False
566,6,0,0.5016756,False
566,7,0,0.5131991,False
566,8,0,0.60633916,False
566,9,0,0.60233366,False
566,10,0,0.6846621,True
566,11,0,0.59932536,False
566,12,0,0.5909739,False
566,13,0,0.67376685,True
566,14,0,0.5935114,False
566,15,0,0.55223006,False
566,16,0,0.6609035,True
566,17,0,0.6599891,True
566,18,0,0.58106565,False
566,19,0,0.5883957,False
566,20,0,0.5809646,False
566,21,0,0.66474473,True
566,22,0,0.67198974,True
566,23,0,0.50130135,False
566,24,0,0.6457756,True
566,25,0,0.5566654,False
566,26,0,0.51895833,False
566,27,1,0.5769381,False
566,28,1,0.59628075,False
566,29,0,0.60787785,False
566,30,0,0.6081548,False
566,31,0,0.52465004,False
566,32,0,0.6463086,True
566,33,0,0.6636495,True
566,34,0,0.5828857,False
566,35,1,0.6774869,True
566,36,0,0.6081916,False
566,37,0,0.62355596,True
566,38,0,0.52208257,False
566,39,0,0.588761,False
566,40,0,0.53679496,False
581,0,0,0.61057246,False
581,1,0,0.6199621,True
581,2,0,0.63354677,True
581,3,0,0.6399225,True
581,4,0,0.5797438,False
581,5,0,0.5915684,False
581,6,0,0.5952197,False
581,7,0,0.60986024,False
581,8,0,0.6304365,True
581,9,0,0.63791806,True
581,10,0,0.6332779,True
581,11,0,0.63705194,True
581,12,0,0.5594498,False
581,13,0,0.60934085,False
581,14,0,0.60077846,False
581,15,0,0.57611144,False
581,16,0,0.5143408,False
581,17,0,0.5096303,False
581,18,0,0.5124886,False
581,19,0,0.5095995,False
581,20,0,0.5048053,False
581,21,0,0.50103223,False
581,22,0,0.50169903,False
581,23,0,0.5018022,False
581,24,0,0.5027811,False
581,25,0,0.50182045,False
581,26,0,0.50505435,False
581,27,0,0.50118214,False
581,28,1,0.6621907,True
581,29,1,0.6577664,True
581,30,1,0.65608376,True
581,31,1,0.6565598,True
581,32,0,0.5073957,False
581,33,0,0.5114682,False
581,34,0,0.50899035,False
581,35,0,0.507745,False
581,36,0,0.5067751,False
581,37,0,0.504913,False
581,38,0,0.5055182,False
581,39,0,0.5044555,False
581,40,0,0.6893601,True
581,41,0,0.69088703,True
581,42,0,0.6973532,True
581,43,0,0.69315535,True
581,44,0,0.68414557,True
581,45,0,0.686064,True
581,46,0,0.687532,True
581,47,0,0.6882228,True
581,48,0,0.66085136,True
581,49,0,0.6731564,True
581,50,0,0.6496372,True
581,51,0,0.655442,True
581,52,0,0.5762688,False
581,53,0,0.5835527,False
581,54,0,0.58596164,False
581,55,0,0.55672675,False
581,56,0,0.5536863,False
581,57,0,0.54877406,False
581,58,0,0.586744,False
581,59,0,0.64196354,True
592,0,0,0.65293086,True
592,1,0,0.6279257,True
592,2,0,0.50823516,False
592,3,1,0.7082039,True
592,4,0,0.6468131,True
592,5,1,0.7013708,True
592,6,0,0.6749323,True
605,0,0,0.50301445,False
605,1,0,0.5006078,False
605,2,0,0.5005244,False
605,3,0,0.5211043,False
605,4,0,0.500695,False
605,5,0,0.70524526,True
605,6,0,0.5118361,False
605,7,0,0.50098747,False
605,8,0,0.5284926,False
605,9,0,0.5328065,False
605,10,0,0.5030255,False
605,11,0,0.5022783,False
605,12,0,0.514131,False
605,13,0,0.56753373,False
605,14,0,0.572234,False
605,15,0,0.5006634,False
605,16,0,0.61826825,True
605,17,0,0.500327,False
605,18,0,0.57893133,False
605,19,0,0.59669876,False
605,20,0,0.5002001,False
605,21,0,0.7110108,True
605,22,0,0.55659187,False
605,23,0,0.551792,False
605,24,0,0.5020291,False
605,25,0,0.50211304,False
605,26,0,0.58155775,False
605,27,0,0.67868817,True
605,28,0,0.5066951,False
605,29,0,0.50220096,False
605,30,0,0.5300885,False
605,31,0,0.70677954,True
605,32,1,0.5873534,False
605,33,0,0.5005211,False
605,34,0,0.5191542,False
605,35,0,0.5004221,False
605,36,0,0.5002367,False
605,37,0,0.6930716,True
605,38,0,0.646805,True
605,39,0,0.5005947,False
605,40,0,0.5026237,False
605,41,0,0.50509673,False
605,42,0,0.5010395,False
605,43,0,0.5650132,False
605,44,0,0.56699514,False
605,45,0,0.5085224,False
605,46,1,0.70806324,True
605,47,0,0.5007636,False
605,48,0,0.52360874,False
605,49,0,0.50058,False
605,50,0,0.53032386,False
605,51,0,0.5010156,False
605,52,0,0.7091641,True
605,53,1,0.65626746,True
605,54,0,0.5115883,False
605,55,0,0.50177026,False
605,56,0,0.6645139,True
605,57,0,0.5073874,False
605,58,0,0.50207305,False
605,59,0,0.57577837,False
605,60,0,0.5786406,False
605,61,0,0.5033415,False
605,62,0,0.5643951,False
605,63,0,0.5830843,False
605,64,0,0.51392704,False
605,65,0,0.5573786,False
605,66,0,0.5005395,False
605,67,0,0.5828618,False
605,68,0,0.50078106,False
605,69,0,0.5172806,False
605,70,0,0.5010622,False
605,71,0,0.50225604,False
605,72,0,0.5708347,False
605,73,0,0.55477095,False
605,74,0,0.58614343,False
605,75,0,0.5013235,False
605,76,0,0.61206007,False
605,77,0,0.518473,False
605,78,0,0.71362823,True
605,79,0,0.5136691,False
605,80,0,0.55972195,False
605,81,0,0.6116555,False
605,82,0,0.5005095,False
605,83,0,0.52218777,False
605,84,0,0.51100415,False
605,85,0,0.5021454,False
605,86,0,0.6417605,True
605,87,0,0.55046445,False
605,88,0,0.57645875,False
603,0,0,0.50082654,False
603,1,0,0.5005346,False
603,2,0,0.5014118,False
603,3,0,0.50591767,False
603,4,0,0.5007544,False
603,5,0,0.50178975,False
603,6,0,0.50047684,False
603,7,0,0.50038683,False
603,8,0,0.50097376,False
603,9,0,0.500282,False
603,10,0,0.5007069,False
603,11,0,0.50535375,False
603,12,0,0.50973266,False
603,13,0,0.5141015,False
603,14,0,0.5007291,False
603,15,0,0.50036037,False
603,16,0,0.5004196,False
603,17,0,0.50307363,False
603,18,0,0.5010621,False
603,19,0,0.5003957,False
603,20,0,0.5181729,False
603,21,0,0.50106084,False
603,22,0,0.5052702,False
603,23,0,0.50493366,False
603,24,0,0.50738835,False
603,25,0,0.5003227,False
603,26,0,0.5126903,False
603,27,0,0.5165826,False
603,28,0,0.5006857,False
603,29,0,0.52909565,False
603,30,0,0.5064904,False
603,31,0,0.5309923,False
603,32,0,0.5296659,False
603,33,0,0.5487979,False
603,34,0,0.50345236,False
603,35,0,0.50715005,False
603,36,0,0.5012947,False
603,37,0,0.50140923,False
603,38,0,0.504861,False
603,39,0,0.52196133,False
603,40,0,0.5028367,False
603,41,0,0.5265145,False
603,42,0,0.5020936,False
603,43,0,0.50130236,False
603,44,0,0.5012803,False
603,45,0,0.5087092,False
603,46,0,0.5226332,False
603,47,0,0.5195801,False
603,48,0,0.501548,False
603,49,0,0.6079802,False
603,50,0,0.63878316,True
603,51,0,0.7071913,True
603,52,0,0.59915656,False
603,53,0,0.7160095,True
603,54,0,0.67906797,True
603,55,0,0.70235026,True
603,56,0,0.6956693,True
603,57,0,0.70767426,True
603,58,0,0.52115065,False
603,59,0,0.7129446,True
603,60,0,0.51624745,False
603,61,0,0.7155468,True
603,62,0,0.5627531,False
603,63,0,0.5505137,False
603,64,0,0.55131257,False
603,65,1,0.57991946,False
603,66,0,0.60069627,False
603,67,0,0.6290108,True
603,68,0,0.6842971,True
603,69,0,0.5474304,False
603,70,1,0.5830006,False
603,71,0,0.5568892,False
603,72,0,0.5844533,False
603,73,0,0.5713963,False
603,74,0,0.55611086,False
603,75,0,0.55998254,False
603,76,0,0.56227815,False
603,77,0,0.5698836,False
603,78,0,0.5568915,False
603,79,0,0.5563321,False
603,80,0,0.5578363,False
603,81,0,0.56209904,False
603,82,0,0.57076734,False
603,83,0,0.563315,False
603,84,0,0.5455203,False
585,0,0,0.5103716,False
585,1,0,0.50309217,False
585,2,0,0.5037826,False
585,3,0,0.5017437,False
585,4,0,0.518026,False
585,5,0,0.50385606,False
585,6,0,0.50219893,False
585,7,0,0.5033861,False
585,8,0,0.50845593,False
585,9,0,0.50217575,False
585,10,0,0.5015121,False
585,11,0,0.50294745,False
585,12,0,0.5013014,False
585,13,0,0.50858873,False
585,14,0,0.5018209,False
585,15,0,0.5016499,False
585,16,0,0.5221988,False
585,17,0,0.50235444,False
585,18,0,0.50335205,False
585,19,0,0.50073165,False
585,20,0,0.5077545,False
585,21,0,0.5124567,False
585,22,0,0.5001248,False
585,23,0,0.51267207,False
585,24,0,0.51601636,False
585,25,0,0.5014503,False
585,26,0,0.5323742,False
585,27,0,0.5095453,False
585,28,0,0.5182551,False
585,29,0,0.50710684,False
585,30,0,0.5418747,False
585,31,0,0.5181772,False
585,32,0,0.5411143,False
585,33,0,0.5365086,False
585,34,0,0.5546834,False
585,35,0,0.5327447,False
585,36,0,0.5875373,False
585,37,0,0.50119215,False
585,38,0,0.50241446,False
585,39,0,0.5124243,False
585,40,0,0.5043967,False
585,41,0,0.5002656,False
585,42,0,0.5126908,False
585,43,0,0.5751159,False
585,44,0,0.5051327,False
585,45,0,0.50992024,False
585,46,0,0.5107159,False
585,47,0,0.6442597,True
585,48,0,0.5023732,False
585,49,0,0.52112657,False
585,50,0,0.5244641,False
585,51,0,0.53384084,False
585,52,1,0.54575807,False
585,53,1,0.5565723,False
585,54,1,0.56332326,False
585,55,0,0.5011386,False
585,56,0,0.5571433,False
585,57,1,0.5557908,False
585,58,1,0.56956244,False
585,59,1,0.55510354,False
575,0,0,0.50604635,False
575,1,0,0.50478727,False
575,2,0,0.541954,False
575,3,0,0.51024085,False
575,4,0,0.5050289,False
575,5,0,0.5053791,False
575,6,0,0.50332236,False
575,7,0,0.50580734,False
575,8,0,0.5092219,False
575,9,0,0.50644517,False
575,10,0,0.51695824,False
575,11,0,0.51455116,False
575,12,0,0.5973661,False
575,13,0,0.62825245,True
575,14,0,0.54730874,False
575,15,0,0.5129221,False
575,16,0,0.5537783,False
575,17,0,0.60682607,False
575,18,0,0.5186579,False
575,19,0,0.57863814,False
575,20,0,0.56152105,False
575,21,0,0.59267044,False
575,22,1,0.614881,True
575,23,0,0.50958633,False
575,24,0,0.5999105,False
575,25,0,0.6445264,True
575,26,0,0.5429126,False
575,27,0,0.54142755,False
575,28,0,0.55168617,False
575,29,0,0.5062649,False
575,30,0,0.5526744,False
575,31,0,0.57357115,False
575,32,0,0.57174206,False
575,33,0,0.5762356,False
575,34,0,0.5011622,False
575,35,0,0.5076785,False
575,36,0,0.500804,False
575,37,0,0.5043672,False
575,38,1,0.7006775,True
575,39,1,0.6869055,True
575,40,0,0.7074032,True
575,41,0,0.6910486,True
575,42,1,0.6960195,True
575,43,1,0.6734256,True
575,44,0,0.6911875,True
575,45,0,0.6834662,True
579,0,1,0.72680175,True
579,1,0,0.53958714,False
579,2,1,0.7253084,True
579,3,0,0.69785696,True
579,4,0,0.5578573,False
586,0,0,0.5718972,False
586,1,0,0.5237343,False
586,2,0,0.5033469,False
586,3,0,0.50556,False
586,4,0,0.55618256,False
586,5,0,0.5092376,False
586,6,0,0.5040718,False
586,7,0,0.50649357,False
586,8,0,0.51188445,False
586,9,0,0.5499236,False
586,10,0,0.50048393,False
586,11,0,0.50263745,False
586,12,0,0.5219882,False
586,13,1,0.6133677,False
586,14,0,0.5362381,False
586,15,0,0.50024515,False
586,16,0,0.5013424,False
586,17,0,0.50901455,False
586,18,0,0.5245094,False
586,19,0,0.5026417,False
586,20,0,0.500666,False
586,21,0,0.52399886,False
586,22,0,0.5459117,False
586,23,0,0.58096313,False
586,24,0,0.51529264,False
586,25,0,0.5415905,False
586,26,0,0.50080377,False
586,27,0,0.5368266,False
586,28,0,0.5605322,False
586,29,0,0.5039526,False
586,30,0,0.5006885,False
586,31,0,0.50117236,False
586,32,0,0.57978916,False
586,33,0,0.5087321,False
586,34,0,0.5353887,False
586,35,0,0.50392985,False
586,36,0,0.5053678,False
586,37,0,0.5034796,False
586,38,0,0.5187195,False
586,39,0,0.526146,False
586,40,0,0.5056412,False
586,41,0,0.5292777,False
586,42,0,0.5151947,False
586,43,0,0.53681225,False
586,44,0,0.55913544,False
586,45,0,0.5389711,False
586,46,0,0.50778186,False
586,47,0,0.5387855,False
586,48,0,0.5212872,False
586,49,0,0.54556376,False
586,50,0,0.55555403,False
586,51,0,0.5435154,False
586,52,0,0.52019954,False
586,53,0,0.5303401,False
586,54,0,0.515295,False
586,55,0,0.62193394,True
588,0,0,0.5275177,False
588,1,0,0.51097435,False
588,2,0,0.51877743,False
588,3,0,0.5267934,False
588,4,0,0.5321578,False
588,5,0,0.591768,False
588,6,0,0.5273175,False
588,7,0,0.6092063,False
588,8,0,0.63655925,True
588,9,0,0.52513194,False
588,10,0,0.5110115,False
588,11,0,0.68440485,True
588,12,0,0.5270353,False
588,13,0,0.6928193,True
588,14,0,0.5393364,False
588,15,0,0.5405424,False
588,16,0,0.50275606,False
588,17,0,0.52425355,False
588,18,0,0.55740947,False
588,19,0,0.58340704,False
588,20,0,0.53132004,False
588,21,0,0.54022163,False
588,22,0,0.5391765,False
588,23,0,0.6774761,True
588,24,0,0.5030861,False
588,25,0,0.50333786,False
588,26,0,0.66814727,True
588,27,0,0.5090862,False
588,28,0,0.53709203,False
588,29,0,0.50981486,False
588,30,0,0.57172096,False
588,31,0,0.6505298,True
588,32,0,0.6332493,True
588,33,0,0.59687775,False
588,34,0,0.5804502,False
588,35,0,0.5489084,False
588,36,0,0.528762,False
588,37,0,0.5501558,False
588,38,0,0.715916,True
588,39,0,0.714306,True
588,40,0,0.58114684,False
588,41,0,0.58066255,False
588,42,0,0.54068,False
588,43,0,0.62290287,True
588,44,0,0.5047481,False
588,45,0,0.6679125,True
588,46,0,0.55160975,False
588,47,0,0.5672484,False
588,48,0,0.5707946,False
588,49,0,0.52271223,False
588,50,0,0.6567257,True
588,51,1,0.5591579,False
588,52,0,0.50966066,False
588,53,0,0.60677785,False
588,54,0,0.5943898,False
588,55,0,0.5146812,False
588,56,0,0.5311743,False
588,57,0,0.519761,False
588,58,0,0.6599733,True
588,59,0,0.50492954,False
588,60,0,0.6460799,True
588,61,0,0.5059011,False
588,62,0,0.5793193,False
550,0,0,0.6954436,True
550,1,1,0.7234839,True
550,2,0,0.566117,False
583,0,0,0.5133474,False
583,1,0,0.5185824,False
583,2,0,0.52456516,False
583,3,0,0.52789414,False
583,4,0,0.505452,False
583,5,0,0.57571954,False
583,6,0,0.6743213,True
583,7,0,0.5014195,False
583,8,0,0.58088744,False
583,9,0,0.51533663,False
583,10,0,0.50125104,False
583,11,0,0.56407064,False
583,12,0,0.53091204,False
583,13,0,0.5034895,False
583,14,0,0.5017575,False
583,15,0,0.63620853,True
583,16,0,0.51452124,False
583,17,0,0.5608652,False
583,18,0,0.5087345,False
583,19,0,0.53496796,False
583,20,0,0.6742187,True
583,21,0,0.51980764,False
583,22,0,0.5426128,False
583,23,0,0.5312861,False
583,24,0,0.5229122,False
583,25,0,0.5673679,False
583,26,0,0.55072516,False
583,27,0,0.6131618,False
583,28,0,0.6030446,False
583,29,0,0.50506,False
583,30,0,0.5951673,False
583,31,0,0.55110687,False
583,32,0,0.5465218,False
583,33,0,0.7136426,True
583,34,0,0.5023861,False
583,35,0,0.57463664,False
583,36,0,0.53036565,False
583,37,0,0.6928982,True
583,38,0,0.5122969,False
583,39,0,0.5871223,False
583,40,0,0.50906426,False
583,41,0,0.60804504,False
583,42,0,0.5618136,False
583,43,0,0.6100222,False
583,44,0,0.60103077,False
583,45,0,0.5190442,False
583,46,0,0.52667004,False
583,47,0,0.53523105,False
583,48,1,0.72278154,True
583,49,1,0.7254103,True
583,50,0,0.594672,False
583,51,0,0.56070757,False
583,52,0,0.6772513,True
583,53,0,0.520976,False
583,54,0,0.65169704,True
583,55,0,0.6255871,True
583,56,0,0.57278097,False
583,57,0,0.69542706,True
571,0,0,0.50746274,False
571,1,0,0.6247798,True
571,2,0,0.52206343,False
571,3,0,0.58912647,False
571,4,0,0.64791816,True
571,5,0,0.581156,False
571,6,1,0.7080888,True
571,7,0,0.5744032,False
571,8,0,0.6426808,True
571,9,0,0.5730018,False
571,10,0,0.51081026,False
571,11,0,0.6470847,True
571,12,0,0.5071735,False
571,13,0,0.52798945,False
571,14,0,0.6075228,False
571,15,0,0.57327324,False
571,16,0,0.5048537,False
571,17,0,0.53098595,False
571,18,0,0.5748999,False
571,19,0,0.56910664,False
571,20,0,0.65529203,True
571,21,0,0.56434995,False
571,22,0,0.6169191,True
571,23,0,0.61718553,True
571,24,0,0.5226388,False
571,25,1,0.66482365,True
571,26,0,0.5298546,False
571,27,0,0.6044246,False
571,28,0,0.58264077,False
571,29,0,0.51747566,False
571,30,0,0.6031676,False
571,31,0,0.5174828,False
571,32,0,0.5333888,False
571,33,0,0.51087266,False
571,34,1,0.6904617,True
571,35,0,0.5533312,False
571,36,0,0.50394577,False
571,37,0,0.6694999,True
571,38,0,0.6583134,True
571,39,0,0.6514155,True
571,40,0,0.5564931,False
571,41,0,0.532316,False
571,42,0,0.61953735,True
571,43,1,0.59088904,False
571,44,0,0.57388586,False
582,0,0,0.5019892,False
582,1,0,0.5057673,False
582,2,0,0.502405,False
582,3,0,0.5217602,False
582,4,0,0.50430524,False
582,5,0,0.5067093,False
582,6,0,0.55263036,False
582,7,0,0.5306158,False
582,8,0,0.53609496,False
582,9,0,0.57518804,False
582,10,0,0.6095711,False
582,11,0,0.50486624,False
582,12,0,0.5359833,False
582,13,0,0.55802506,False
582,14,0,0.51411986,False
582,15,0,0.50926584,False
582,16,0,0.52093405,False
582,17,0,0.5460284,False
582,18,0,0.67638594,True
582,19,0,0.522233,False
582,20,0,0.517608,False
582,21,0,0.5225628,False
582,22,0,0.5034943,False
582,23,0,0.5014447,False
582,24,0,0.56253016,False
582,25,0,0.50193715,False
582,26,0,0.5120144,False
582,27,0,0.6246083,True
582,28,0,0.52528113,False
582,29,0,0.51421136,False
582,30,0,0.54588884,False
582,31,0,0.59192,False
582,32,0,0.5197058,False
582,33,0,0.51306677,False
582,34,0,0.53941965,False
582,35,0,0.50963664,False
582,36,0,0.60015243,False
582,37,0,0.5226204,False
582,38,0,0.5141469,False
582,39,0,0.52875364,False
582,40,0,0.6120777,False
582,41,0,0.5249036,False
582,42,0,0.51169044,False
582,43,0,0.53675956,False
582,44,0,0.5164265,False
582,45,1,0.6445555,True
582,46,0,0.51692104,False
582,47,0,0.5104449,False
582,48,0,0.53421426,False
582,49,0,0.5834782,False
582,50,0,0.5189424,False
582,51,0,0.5171384,False
582,52,0,0.5308692,False
582,53,0,0.5132047,False
546,0,0,0.58550805,False
546,1,0,0.50494856,False
546,2,0,0.56099385,False
546,3,0,0.61040366,False
546,4,0,0.5065038,False
546,5,0,0.5252729,False
546,6,0,0.588498,False
546,7,0,0.62161136,True
546,8,0,0.5588744,False
546,9,0,0.5319932,False
546,10,0,0.67186785,True
546,11,0,0.5034395,False
546,12,0,0.5611939,False
546,13,0,0.61495286,True
546,14,0,0.501859,False
546,15,0,0.57380325,False
546,16,0,0.6731456,True
546,17,0,0.60057193,False
546,18,0,0.58275765,False
546,19,1,0.7164441,True
546,20,0,0.6526958,True
546,21,0,0.5068309,False
546,22,0,0.6249228,True
546,23,1,0.71910626,True
546,24,0,0.5162341,False
546,25,0,0.5467334,False
546,26,0,0.6419871,True
546,27,0,0.5373686,False
546,28,0,0.6795396,True
546,29,0,0.5027041,False
546,30,0,0.50404966,False
546,31,0,0.58280057,False
546,32,0,0.5728041,False
546,33,0,0.7170101,True
546,34,1,0.7197144,True
604,0,0,0.5053164,False
604,1,0,0.50059664,False
604,2,0,0.5008684,False
604,3,0,0.5838785,False
604,4,0,0.5003674,False
604,5,0,0.70743906,True
604,6,0,0.5160769,False
604,7,0,0.5018063,False
604,8,0,0.5831912,False
604,9,0,0.50364786,False
604,10,0,0.5052223,False
604,11,0,0.5032584,False
604,12,0,0.5078479,False
604,13,0,0.54304224,False
604,14,0,0.5698772,False
604,15,0,0.50100034,False
604,16,0,0.55368966,False
604,17,0,0.5004235,False
604,18,0,0.61879015,True
604,19,0,0.6049725,False
604,20,0,0.5006259,False
604,21,0,0.70611376,True
604,22,0,0.5493411,False
604,23,0,0.58938164,False
604,24,0,0.5006046,False
604,25,0,0.50191575,False
604,26,0,0.55348724,False
604,27,0,0.5687661,False
604,28,0,0.69178003,True
604,29,0,0.506193,False
604,30,0,0.502727,False
604,31,0,0.56496173,False
604,32,0,0.7022343,True
604,33,0,0.6023846,False
604,34,0,0.5004384,False
604,35,0,0.52502835,False
604,36,0,0.5005709,False
604,37,0,0.5004426,False
604,38,0,0.69887745,True
604,39,0,0.6833245,True
604,40,0,0.50065774,False
604,41,0,0.5025865,False
604,42,0,0.50231916,False
604,43,0,0.5042531,False
604,44,0,0.56891125,False
604,45,0,0.55384445,False
604,46,0,0.5028349,False
604,47,0,0.70540696,True
604,48,0,0.50074697,False
604,49,0,0.52757055,False
604,50,0,0.50076425,False
604,51,0,0.5280388,False
604,52,0,0.50033844,False
604,53,0,0.71386707,True
604,54,0,0.6598097,True
604,55,0,0.5185386,False
604,56,0,0.5029568,False
604,57,0,0.5738492,False
604,58,0,0.5385973,False
604,59,0,0.5031682,False
604,60,1,0.55337965,False
604,61,1,0.5784347,False
604,62,0,0.50570774,False
604,63,0,0.58995175,False
604,64,0,0.55510795,False
604,65,0,0.51263547,False
604,66,0,0.53732294,False
604,67,0,0.50058174,False
604,68,0,0.55791587,False
604,69,0,0.50108325,False
604,70,0,0.5017023,False
604,71,0,0.5020013,False
604,72,0,0.5474723,False
604,73,0,0.5595487,False
604,74,0,0.544058,False
604,75,0,0.5019612,False
604,76,0,0.515724,False
604,77,0,0.70981354,True
604,78,0,0.5165391,False
604,79,0,0.5366187,False
604,80,0,0.50124276,False
604,81,0,0.5407756,False
604,82,0,0.5014243,False
604,83,0,0.61518794,True
604,84,0,0.56750923,False
604,85,0,0.5647847,False
544,0,1,0.72467595,True
544,1,0,0.533333,False
544,2,1,0.7259362,True
544,3,0,0.5005977,False
544,4,0,0.5202218,False
544,5,0,0.5325692,False
544,6,0,0.5070328,False
544,7,0,0.542145,False
544,8,0,0.52122766,False
544,9,0,0.6091337,False
544,10,0,0.50806004,False
544,11,0,0.5426638,False
544,12,0,0.5240381,False
544,13,0,0.5045643,False
544,14,0,0.5398753,False
544,15,0,0.51051307,False
544,16,0,0.50930196,False
544,17,0,0.6757523,True
544,18,0,0.60498327,False
544,19,0,0.6526517,True
544,20,0,0.6599618,True
544,21,0,0.51311225,False
544,22,0,0.5612402,False
544,23,0,0.5124584,False
544,24,0,0.5292437,False
544,25,0,0.66059124,True
544,26,0,0.69334453,True
544,27,0,0.64420956,True
544,28,0,0.5874131,False
544,29,0,0.52064997,False
544,30,0,0.6459448,True
544,31,0,0.69657296,True
544,32,0,0.59168655,False
570,0,0,0.58929086,False
570,1,0,0.50819814,False
570,2,0,0.6186382,True
570,3,0,0.67452776,True
570,4,0,0.61662817,True
570,5,0,0.511356,False
570,6,0,0.6125324,False
570,7,0,0.6764743,True
570,8,0,0.50370145,False
570,9,0,0.7149041,True
570,10,0,0.5645591,False
570,11,0,0.507783,False
570,12,0,0.6365838,True
570,13,0,0.7059709,True
570,14,0,0.62857795,True
570,15,0,0.53821087,False
570,16,0,0.51924485,False
570,17,0,0.5739716,False
570,18,0,0.6124562,False
570,19,0,0.6544792,True
570,20,0,0.506189,False
570,21,0,0.510314,False
570,22,0,0.6143941,True
570,23,0,0.6243648,True
570,24,0,0.6041373,False
570,25,0,0.58505744,False
570,26,0,0.5077503,False
570,27,0,0.5403777,False
570,28,0,0.6699003,True
570,29,0,0.675279,True
570,30,0,0.6446409,True
570,31,0,0.65698177,True
570,32,0,0.5380356,False
570,33,0,0.51353717,False
570,34,0,0.6075881,False
570,35,0,0.60516626,False
570,36,0,0.60209113,False
570,37,0,0.61358964,True
570,38,0,0.5083437,False
570,39,0,0.50199896,False
570,40,0,0.5035008,False
570,41,0,0.6123125,False
570,42,0,0.50304574,False
570,43,0,0.53475004,False
570,44,0,0.5444906,False
570,45,1,0.6570251,True
570,46,1,0.66537374,True
570,47,0,0.6896125,True
570,48,0,0.688418,True
584,0,0,0.5002573,False
584,1,0,0.50262994,False
584,2,0,0.5067574,False
584,3,0,0.54324204,False
584,4,0,0.501878,False
584,5,0,0.50838274,False
584,6,0,0.50063694,False
584,7,0,0.5066641,False
584,8,0,0.515576,False
584,9,0,0.5168735,False
584,10,0,0.5010118,False
584,11,0,0.5055929,False
584,12,0,0.50952405,False
584,13,0,0.50851184,False
584,14,0,0.5447561,False
584,15,0,0.60396457,False
584,16,0,0.50268066,False
584,17,0,0.51628816,False
584,18,0,0.51476353,False
584,19,0,0.5087653,False
584,20,0,0.5032392,False
584,21,0,0.52708995,False
584,22,0,0.51142293,False
584,23,0,0.5018765,False
584,24,0,0.503885,False
584,25,0,0.5534185,False
584,26,0,0.5943928,False
584,27,0,0.5705138,False
584,28,0,0.50030214,False
584,29,0,0.50268817,False
584,30,0,0.51487386,False
584,31,0,0.55149084,False
584,32,0,0.50556093,False
584,33,0,0.51906264,False
584,34,0,0.51468486,False
584,35,0,0.60647523,False
584,36,0,0.5029241,False
584,37,0,0.5477342,False
584,38,0,0.54138637,False
584,39,0,0.50757444,False
584,40,0,0.503154,False
584,41,0,0.5507997,False
584,42,0,0.5140256,False
584,43,0,0.5181396,False
584,44,0,0.50161624,False
584,45,0,0.5135422,False
584,46,0,0.5164663,False
584,47,0,0.5176937,False
584,48,0,0.5008603,False
584,49,0,0.54134893,False
584,50,0,0.5412818,False
584,51,0,0.5034216,False
584,52,0,0.5040577,False
584,53,0,0.5540705,False
584,54,0,0.5385354,False
584,55,1,0.6065918,False
584,56,1,0.5996628,False
584,57,1,0.59964454,False
