Subdirectory,Data,Model,Dimension of Hidden Layers,Dropout,Heads,Negative Slope,Training Epochs,Learning Rate,Weight Decay,Batch Size,Oversampling,Optimal Threshold,MCC,Top1 Accuracy,Top2 Accuracy,Jaccard Score,Precision,Recall,ROC AUC Score
1670936773,xenosite.sdf,GIN,8,0.1,0,0.0,219,0.001,0.001,8,False,0.174,0.523,0.721,0.853,0.392,0.44,0.781,0.907
1670936821,xenosite.sdf,GIN,8,0.1,0,0.0,219,0.001,0.001,16,False,0.15,0.461,0.779,0.809,0.331,0.358,0.812,0.897
1670936849,xenosite.sdf,GIN,8,0.1,0,0.0,209,0.001,0.001,32,False,0.121,0.45,0.662,0.735,0.326,0.358,0.781,0.889
1670936864,xenosite.sdf,GIN,8,0.1,0,0.0,199,0.001,0.001,64,False,0.108,0.409,0.691,0.75,0.288,0.308,0.812,0.881
1670936875,xenosite.sdf,GIN,8,0.1,0,0.0,209,0.001,0.0001,8,False,0.129,0.532,0.706,0.809,0.394,0.43,0.825,0.912
1670936921,xenosite.sdf,GIN,8,0.1,0,0.0,249,0.001,0.0001,16,False,0.097,0.451,0.721,0.809,0.325,0.355,0.794,0.906
1670936952,xenosite.sdf,GIN,8,0.1,0,0.0,249,0.001,0.0001,32,False,0.085,0.394,0.721,0.779,0.269,0.282,0.856,0.896
1670936970,xenosite.sdf,GIN,8,0.1,0,0.0,199,0.001,0.0001,64,False,0.116,0.416,0.676,0.75,0.294,0.316,0.806,0.884
1670936982,xenosite.sdf,GIN,8,0.1,0,0.0,209,0.001,1e-05,8,False,0.096,0.474,0.691,0.824,0.336,0.357,0.85,0.912
1670937026,xenosite.sdf,GIN,8,0.1,0,0.0,219,0.001,1e-05,16,False,0.123,0.459,0.794,0.838,0.324,0.344,0.844,0.911
1670937054,xenosite.sdf,GIN,8,0.1,0,0.0,219,0.001,1e-05,32,False,0.153,0.431,0.647,0.721,0.309,0.337,0.788,0.887
1670937070,xenosite.sdf,GIN,8,0.1,0,0.0,199,0.001,1e-05,64,False,0.143,0.465,0.691,0.765,0.345,0.393,0.738,0.882
1670937081,xenosite.sdf,GIN,8,0.1,0,0.0,199,0.0001,0.001,8,False,0.109,0.378,0.647,0.735,0.26,0.274,0.838,0.855
1670937125,xenosite.sdf,GIN,8,0.1,0,0.0,209,0.0001,0.001,16,False,0.122,0.374,0.603,0.721,0.262,0.279,0.806,0.843
1670937151,xenosite.sdf,GIN,8,0.1,0,0.0,209,0.0001,0.001,32,False,0.134,0.333,0.515,0.603,0.24,0.262,0.744,0.817
1670937166,xenosite.sdf,GIN,8,0.1,0,0.0,229,0.0001,0.001,64,False,0.115,0.286,0.353,0.485,0.2,0.209,0.831,0.786
1670937178,xenosite.sdf,GIN,8,0.1,0,0.0,199,0.0001,0.0001,8,False,0.114,0.384,0.647,0.735,0.265,0.281,0.831,0.856
1670937223,xenosite.sdf,GIN,8,0.1,0,0.0,209,0.0001,0.0001,16,False,0.121,0.373,0.603,0.721,0.261,0.278,0.806,0.843
1670937249,xenosite.sdf,GIN,8,0.1,0,0.0,209,0.0001,0.0001,32,False,0.135,0.335,0.515,0.588,0.241,0.263,0.744,0.817
1670937264,xenosite.sdf,GIN,8,0.1,0,0.0,229,0.0001,0.0001,64,False,0.115,0.284,0.353,0.485,0.199,0.208,0.831,0.786
1670937276,xenosite.sdf,GIN,8,0.1,0,0.0,199,0.0001,1e-05,8,False,0.114,0.383,0.632,0.735,0.265,0.28,0.831,0.856
1670937320,xenosite.sdf,GIN,8,0.1,0,0.0,209,0.0001,1e-05,16,False,0.121,0.373,0.603,0.721,0.261,0.278,0.806,0.843
1670937346,xenosite.sdf,GIN,8,0.1,0,0.0,209,0.0001,1e-05,32,False,0.135,0.341,0.515,0.588,0.244,0.265,0.756,0.817
1670937361,xenosite.sdf,GIN,8,0.1,0,0.0,229,0.0001,1e-05,64,False,0.115,0.286,0.353,0.485,0.2,0.209,0.831,0.786
1670937373,xenosite.sdf,GIN,8,0.1,0,0.0,199,1e-05,0.001,8,False,0.099,0.179,0.397,0.5,0.151,0.157,0.794,0.684
1670937417,xenosite.sdf,GIN,8,0.1,0,0.0,249,1e-05,0.001,16,False,0.088,0.123,0.338,0.485,0.13,0.133,0.819,0.63
1670937447,xenosite.sdf,GIN,8,0.1,0,0.0,289,1e-05,0.001,32,False,0.073,0.097,0.059,0.147,0.119,0.12,0.912,0.571
1670937468,xenosite.sdf,GIN,8,0.1,0,0.0,209,1e-05,0.001,64,False,0.329,0.075,0.059,0.088,0.114,0.115,0.944,0.531
1670937480,xenosite.sdf,GIN,8,0.1,0,0.0,199,1e-05,0.0001,8,False,0.099,0.179,0.397,0.5,0.151,0.157,0.794,0.684
1670937523,xenosite.sdf,GIN,8,0.1,0,0.0,249,1e-05,0.0001,16,False,0.088,0.122,0.338,0.485,0.129,0.133,0.819,0.63
1670937553,xenosite.sdf,GIN,8,0.1,0,0.0,289,1e-05,0.0001,32,False,0.073,0.097,0.074,0.147,0.119,0.12,0.912,0.571
1670937573,xenosite.sdf,GIN,8,0.1,0,0.0,209,1e-05,0.0001,64,False,0.328,0.078,0.059,0.088,0.114,0.115,0.95,0.531
1670937584,xenosite.sdf,GIN,8,0.1,0,0.0,199,1e-05,1e-05,8,False,0.099,0.179,0.397,0.5,0.151,0.157,0.794,0.684
1670937628,xenosite.sdf,GIN,8,0.1,0,0.0,249,1e-05,1e-05,16,False,0.088,0.122,0.338,0.485,0.129,0.133,0.819,0.63
1670937658,xenosite.sdf,GIN,8,0.1,0,0.0,289,1e-05,1e-05,32,False,0.073,0.097,0.074,0.147,0.119,0.12,0.912,0.571
1670937679,xenosite.sdf,GIN,8,0.1,0,0.0,209,1e-05,1e-05,64,False,0.329,0.075,0.059,0.088,0.114,0.115,0.944,0.531
1670937691,xenosite.sdf,GIN,8,0.2,0,0.0,209,0.001,0.001,8,False,0.158,0.502,0.676,0.809,0.379,0.44,0.731,0.9
1670937738,xenosite.sdf,GIN,8,0.2,0,0.0,209,0.001,0.001,16,False,0.11,0.465,0.721,0.824,0.336,0.367,0.8,0.897
1670937765,xenosite.sdf,GIN,8,0.2,0,0.0,209,0.001,0.001,32,False,0.135,0.473,0.721,0.779,0.351,0.399,0.744,0.879
1670937781,xenosite.sdf,GIN,8,0.2,0,0.0,199,0.001,0.001,64,False,0.087,0.384,0.691,0.794,0.26,0.272,0.862,0.875
1670937792,xenosite.sdf,GIN,8,0.2,0,0.0,199,0.001,0.0001,8,False,0.121,0.452,0.765,0.868,0.319,0.34,0.838,0.9
1670937837,xenosite.sdf,GIN,8,0.2,0,0.0,219,0.001,0.0001,16,False,0.133,0.436,0.721,0.779,0.31,0.335,0.806,0.889
1670937864,xenosite.sdf,GIN,8,0.2,0,0.0,209,0.001,0.0001,32,False,0.108,0.442,0.721,0.794,0.314,0.339,0.812,0.88
1670937879,xenosite.sdf,GIN,8,0.2,0,0.0,209,0.001,0.0001,64,False,0.107,0.416,0.647,0.779,0.29,0.309,0.831,0.885
1670937891,xenosite.sdf,GIN,8,0.2,0,0.0,219,0.001,1e-05,8,False,0.074,0.411,0.676,0.75,0.272,0.278,0.919,0.9
1670937940,xenosite.sdf,GIN,8,0.2,0,0.0,209,0.001,1e-05,16,False,0.104,0.459,0.735,0.779,0.331,0.361,0.8,0.892
1670937966,xenosite.sdf,GIN,8,0.2,0,0.0,219,0.001,1e-05,32,False,0.144,0.454,0.676,0.779,0.332,0.368,0.769,0.883
1670937982,xenosite.sdf,GIN,8,0.2,0,0.0,199,0.001,1e-05,64,False,0.109,0.391,0.676,0.779,0.27,0.286,0.831,0.877
1670937993,xenosite.sdf,GIN,8,0.2,0,0.0,189,0.0001,0.001,8,False,0.108,0.368,0.632,0.75,0.254,0.269,0.825,0.85
1670938035,xenosite.sdf,GIN,8,0.2,0,0.0,209,0.0001,0.001,16,False,0.107,0.344,0.588,0.721,0.234,0.245,0.85,0.84
1670938061,xenosite.sdf,GIN,8,0.2,0,0.0,209,0.0001,0.001,32,False,0.135,0.317,0.515,0.588,0.229,0.249,0.744,0.813
1670938077,xenosite.sdf,GIN,8,0.2,0,0.0,229,0.0001,0.001,64,False,0.114,0.278,0.338,0.485,0.195,0.203,0.838,0.785
1670938089,xenosite.sdf,GIN,8,0.2,0,0.0,189,0.0001,0.0001,8,False,0.107,0.364,0.632,0.75,0.251,0.266,0.825,0.85
1670938131,xenosite.sdf,GIN,8,0.2,0,0.0,209,0.0001,0.0001,16,False,0.107,0.342,0.588,0.721,0.233,0.243,0.85,0.84
1670938157,xenosite.sdf,GIN,8,0.2,0,0.0,209,0.0001,0.0001,32,False,0.135,0.316,0.515,0.588,0.229,0.248,0.744,0.813
1670938173,xenosite.sdf,GIN,8,0.2,0,0.0,229,0.0001,0.0001,64,False,0.114,0.279,0.338,0.485,0.196,0.203,0.838,0.785
1670938185,xenosite.sdf,GIN,8,0.2,0,0.0,189,0.0001,1e-05,8,False,0.107,0.368,0.632,0.75,0.253,0.267,0.831,0.85
1670938228,xenosite.sdf,GIN,8,0.2,0,0.0,209,0.0001,1e-05,16,False,0.107,0.347,0.588,0.721,0.235,0.245,0.856,0.84
1670938255,xenosite.sdf,GIN,8,0.2,0,0.0,209,0.0001,1e-05,32,False,0.135,0.317,0.515,0.588,0.229,0.249,0.744,0.813
1670938271,xenosite.sdf,GIN,8,0.2,0,0.0,229,0.0001,1e-05,64,False,0.114,0.278,0.338,0.485,0.195,0.203,0.838,0.785
1670938283,xenosite.sdf,GIN,8,0.2,0,0.0,189,1e-05,0.001,8,False,0.093,0.161,0.353,0.485,0.143,0.148,0.806,0.669
1670938326,xenosite.sdf,GIN,8,0.2,0,0.0,249,1e-05,0.001,16,False,0.092,0.131,0.338,0.471,0.132,0.136,0.825,0.628
1670938357,xenosite.sdf,GIN,8,0.2,0,0.0,289,1e-05,0.001,32,False,0.075,0.097,0.088,0.132,0.119,0.121,0.912,0.57
1670938377,xenosite.sdf,GIN,8,0.2,0,0.0,209,1e-05,0.001,64,False,0.334,0.065,0.059,0.088,0.113,0.114,0.919,0.531
1670938390,xenosite.sdf,GIN,8,0.2,0,0.0,189,1e-05,0.0001,8,False,0.093,0.161,0.353,0.485,0.143,0.148,0.806,0.669
1670938432,xenosite.sdf,GIN,8,0.2,0,0.0,249,1e-05,0.0001,16,False,0.092,0.124,0.338,0.471,0.13,0.134,0.812,0.628
1670938464,xenosite.sdf,GIN,8,0.2,0,0.0,289,1e-05,0.0001,32,False,0.075,0.097,0.088,0.132,0.119,0.121,0.912,0.57
1670938484,xenosite.sdf,GIN,8,0.2,0,0.0,209,1e-05,0.0001,64,False,0.334,0.065,0.059,0.088,0.113,0.114,0.919,0.531
1670938496,xenosite.sdf,GIN,8,0.2,0,0.0,189,1e-05,1e-05,8,False,0.093,0.161,0.353,0.485,0.143,0.148,0.806,0.669
1670938539,xenosite.sdf,GIN,8,0.2,0,0.0,249,1e-05,1e-05,16,False,0.092,0.123,0.338,0.471,0.13,0.134,0.812,0.628
1670938569,xenosite.sdf,GIN,8,0.2,0,0.0,289,1e-05,1e-05,32,False,0.075,0.097,0.088,0.132,0.119,0.121,0.912,0.57
1670938589,xenosite.sdf,GIN,8,0.2,0,0.0,209,1e-05,1e-05,64,False,0.334,0.064,0.059,0.088,0.113,0.114,0.919,0.531
1670938602,xenosite.sdf,GIN,8,0.3,0,0.0,199,0.001,0.001,8,False,0.137,0.475,0.706,0.838,0.343,0.372,0.812,0.899
1670938644,xenosite.sdf,GIN,8,0.3,0,0.0,199,0.001,0.001,16,False,0.13,0.419,0.706,0.809,0.3,0.327,0.781,0.884
1670938671,xenosite.sdf,GIN,8,0.3,0,0.0,199,0.001,0.001,32,False,0.152,0.449,0.647,0.794,0.326,0.36,0.775,0.88
1670938686,xenosite.sdf,GIN,8,0.3,0,0.0,209,0.001,0.001,64,False,0.121,0.418,0.647,0.779,0.291,0.308,0.838,0.878
1670938698,xenosite.sdf,GIN,8,0.3,0,0.0,179,0.001,0.0001,8,False,0.084,0.414,0.662,0.809,0.272,0.277,0.931,0.893
1670938739,xenosite.sdf,GIN,8,0.3,0,0.0,219,0.001,0.0001,16,False,0.133,0.434,0.676,0.779,0.307,0.329,0.819,0.886
1670938766,xenosite.sdf,GIN,8,0.3,0,0.0,209,0.001,0.0001,32,False,0.103,0.428,0.721,0.824,0.293,0.307,0.869,0.886
1670938782,xenosite.sdf,GIN,8,0.3,0,0.0,199,0.001,0.0001,64,False,0.102,0.427,0.647,0.779,0.295,0.31,0.856,0.881
1670938793,xenosite.sdf,GIN,8,0.3,0,0.0,219,0.001,1e-05,8,False,0.09,0.456,0.691,0.824,0.306,0.314,0.925,0.908
1670938842,xenosite.sdf,GIN,8,0.3,0,0.0,209,0.001,1e-05,16,False,0.139,0.478,0.691,0.809,0.355,0.403,0.75,0.888
1670938868,xenosite.sdf,GIN,8,0.3,0,0.0,209,0.001,1e-05,32,False,0.102,0.419,0.691,0.794,0.285,0.297,0.875,0.883
1670938884,xenosite.sdf,GIN,8,0.3,0,0.0,199,0.001,1e-05,64,False,0.107,0.433,0.647,0.779,0.301,0.318,0.85,0.881
1670938895,xenosite.sdf,GIN,8,0.3,0,0.0,189,0.0001,0.001,8,False,0.107,0.362,0.603,0.75,0.247,0.259,0.844,0.846
1670938937,xenosite.sdf,GIN,8,0.3,0,0.0,209,0.0001,0.001,16,False,0.109,0.344,0.574,0.721,0.232,0.241,0.862,0.836
1670938963,xenosite.sdf,GIN,8,0.3,0,0.0,209,0.0001,0.001,32,False,0.135,0.319,0.5,0.632,0.228,0.245,0.769,0.809
1670938978,xenosite.sdf,GIN,8,0.3,0,0.0,249,0.0001,0.001,64,False,0.118,0.294,0.368,0.529,0.203,0.211,0.844,0.789
1670938991,xenosite.sdf,GIN,8,0.3,0,0.0,189,0.0001,0.0001,8,False,0.106,0.359,0.603,0.75,0.245,0.257,0.844,0.846
1670939033,xenosite.sdf,GIN,8,0.3,0,0.0,209,0.0001,0.0001,16,False,0.108,0.341,0.559,0.721,0.231,0.24,0.862,0.836
1670939059,xenosite.sdf,GIN,8,0.3,0,0.0,209,0.0001,0.0001,32,False,0.135,0.319,0.5,0.632,0.228,0.245,0.769,0.809
1670939074,xenosite.sdf,GIN,8,0.3,0,0.0,249,0.0001,0.0001,64,False,0.118,0.294,0.368,0.529,0.204,0.212,0.844,0.789
1670939087,xenosite.sdf,GIN,8,0.3,0,0.0,189,0.0001,1e-05,8,False,0.104,0.358,0.618,0.75,0.244,0.255,0.85,0.846
1670939130,xenosite.sdf,GIN,8,0.3,0,0.0,209,0.0001,1e-05,16,False,0.109,0.342,0.574,0.721,0.231,0.24,0.862,0.836
1670939156,xenosite.sdf,GIN,8,0.3,0,0.0,209,0.0001,1e-05,32,False,0.135,0.319,0.5,0.632,0.228,0.245,0.769,0.809
1670939171,xenosite.sdf,GIN,8,0.3,0,0.0,249,0.0001,1e-05,64,False,0.118,0.294,0.368,0.529,0.203,0.211,0.844,0.789
1670939184,xenosite.sdf,GIN,8,0.3,0,0.0,199,1e-05,0.001,8,False,0.107,0.177,0.353,0.485,0.15,0.156,0.8,0.676
1670939228,xenosite.sdf,GIN,8,0.3,0,0.0,249,1e-05,0.001,16,False,0.097,0.126,0.309,0.471,0.131,0.135,0.806,0.625
1670939258,xenosite.sdf,GIN,8,0.3,0,0.0,289,1e-05,0.001,32,False,0.079,0.098,0.088,0.132,0.119,0.121,0.912,0.57
1670939277,xenosite.sdf,GIN,8,0.3,0,0.0,209,1e-05,0.001,64,False,0.333,0.064,0.088,0.103,0.113,0.114,0.919,0.531
1670939290,xenosite.sdf,GIN,8,0.3,0,0.0,199,1e-05,0.0001,8,False,0.107,0.176,0.353,0.485,0.149,0.155,0.8,0.676
1670939332,xenosite.sdf,GIN,8,0.3,0,0.0,249,1e-05,0.0001,16,False,0.097,0.126,0.309,0.471,0.131,0.135,0.806,0.625
1670939363,xenosite.sdf,GIN,8,0.3,0,0.0,289,1e-05,0.0001,32,False,0.079,0.098,0.088,0.132,0.119,0.121,0.912,0.57
1670939384,xenosite.sdf,GIN,8,0.3,0,0.0,209,1e-05,0.0001,64,False,0.333,0.064,0.088,0.103,0.113,0.114,0.919,0.531
1670939395,xenosite.sdf,GIN,8,0.3,0,0.0,199,1e-05,1e-05,8,False,0.107,0.176,0.353,0.485,0.149,0.155,0.8,0.676
1670939439,xenosite.sdf,GIN,8,0.3,0,0.0,249,1e-05,1e-05,16,False,0.097,0.126,0.309,0.471,0.131,0.135,0.806,0.625
1670939469,xenosite.sdf,GIN,8,0.3,0,0.0,289,1e-05,1e-05,32,False,0.079,0.098,0.088,0.132,0.119,0.121,0.912,0.57
1670939490,xenosite.sdf,GIN,8,0.3,0,0.0,209,1e-05,1e-05,64,False,0.333,0.064,0.088,0.103,0.113,0.114,0.919,0.531
1670939503,xenosite.sdf,GIN,8,0.4,0,0.0,209,0.001,0.001,8,False,0.098,0.452,0.662,0.824,0.313,0.329,0.869,0.894
1670939549,xenosite.sdf,GIN,8,0.4,0,0.0,219,0.001,0.001,16,False,0.101,0.406,0.647,0.779,0.285,0.305,0.812,0.883
1670939577,xenosite.sdf,GIN,8,0.4,0,0.0,189,0.001,0.001,32,False,0.07,0.408,0.676,0.824,0.276,0.287,0.881,0.883
1670939593,xenosite.sdf,GIN,8,0.4,0,0.0,189,0.001,0.001,64,False,0.085,0.404,0.676,0.824,0.277,0.29,0.856,0.876
1670939603,xenosite.sdf,GIN,8,0.4,0,0.0,189,0.001,0.0001,8,False,0.104,0.425,0.662,0.853,0.287,0.297,0.894,0.892
1670939647,xenosite.sdf,GIN,8,0.4,0,0.0,219,0.001,0.0001,16,False,0.109,0.403,0.662,0.809,0.281,0.299,0.825,0.876
1670939674,xenosite.sdf,GIN,8,0.4,0,0.0,189,0.001,0.0001,32,False,0.074,0.406,0.691,0.824,0.275,0.286,0.875,0.885
1670939688,xenosite.sdf,GIN,8,0.4,0,0.0,199,0.001,0.0001,64,False,0.114,0.41,0.676,0.824,0.28,0.293,0.862,0.882
1670939699,xenosite.sdf,GIN,8,0.4,0,0.0,199,0.001,1e-05,8,False,0.088,0.416,0.676,0.853,0.277,0.284,0.912,0.898
1670939744,xenosite.sdf,GIN,8,0.4,0,0.0,209,0.001,1e-05,16,False,0.111,0.43,0.647,0.794,0.309,0.339,0.781,0.884
1670939770,xenosite.sdf,GIN,8,0.4,0,0.0,189,0.001,1e-05,32,False,0.08,0.422,0.706,0.838,0.287,0.298,0.881,0.883
1670939785,xenosite.sdf,GIN,8,0.4,0,0.0,199,0.001,1e-05,64,False,0.098,0.399,0.676,0.809,0.268,0.277,0.888,0.88
1670939796,xenosite.sdf,GIN,8,0.4,0,0.0,179,0.0001,0.001,8,False,0.117,0.355,0.603,0.721,0.242,0.253,0.85,0.843
1670939836,xenosite.sdf,GIN,8,0.4,0,0.0,209,0.0001,0.001,16,False,0.127,0.342,0.574,0.721,0.241,0.257,0.794,0.832
1670939861,xenosite.sdf,GIN,8,0.4,0,0.0,209,0.0001,0.001,32,False,0.141,0.315,0.485,0.618,0.227,0.244,0.756,0.805
1670939877,xenosite.sdf,GIN,8,0.4,0,0.0,249,0.0001,0.001,64,False,0.123,0.287,0.368,0.544,0.201,0.209,0.831,0.787
1670939890,xenosite.sdf,GIN,8,0.4,0,0.0,179,0.0001,0.0001,8,False,0.114,0.355,0.603,0.721,0.241,0.251,0.856,0.844
1670939930,xenosite.sdf,GIN,8,0.4,0,0.0,209,0.0001,0.0001,16,False,0.128,0.343,0.574,0.721,0.241,0.258,0.794,0.832
1670939956,xenosite.sdf,GIN,8,0.4,0,0.0,209,0.0001,0.0001,32,False,0.141,0.315,0.485,0.618,0.227,0.244,0.756,0.805
1670939972,xenosite.sdf,GIN,8,0.4,0,0.0,249,0.0001,0.0001,64,False,0.123,0.287,0.368,0.544,0.201,0.209,0.831,0.787
1670939984,xenosite.sdf,GIN,8,0.4,0,0.0,179,0.0001,1e-05,8,False,0.116,0.351,0.603,0.721,0.24,0.251,0.844,0.843
1670940026,xenosite.sdf,GIN,8,0.4,0,0.0,209,0.0001,1e-05,16,False,0.128,0.345,0.574,0.706,0.242,0.259,0.794,0.832
1670940052,xenosite.sdf,GIN,8,0.4,0,0.0,209,0.0001,1e-05,32,False,0.141,0.315,0.485,0.603,0.227,0.244,0.756,0.805
1670940067,xenosite.sdf,GIN,8,0.4,0,0.0,249,0.0001,1e-05,64,False,0.123,0.287,0.368,0.544,0.201,0.209,0.831,0.787
1670940080,xenosite.sdf,GIN,8,0.4,0,0.0,199,1e-05,0.001,8,False,0.102,0.166,0.368,0.485,0.143,0.147,0.844,0.668
1670940125,xenosite.sdf,GIN,8,0.4,0,0.0,249,1e-05,0.001,16,False,0.103,0.124,0.309,0.471,0.13,0.135,0.806,0.621
1670940155,xenosite.sdf,GIN,8,0.4,0,0.0,289,1e-05,0.001,32,False,0.086,0.106,0.088,0.132,0.121,0.122,0.919,0.57
1670940176,xenosite.sdf,GIN,8,0.4,0,0.0,209,1e-05,0.001,64,False,0.332,0.074,0.088,0.103,0.114,0.115,0.938,0.532
1670940188,xenosite.sdf,GIN,8,0.4,0,0.0,199,1e-05,0.0001,8,False,0.103,0.166,0.368,0.485,0.143,0.147,0.844,0.668
1670940232,xenosite.sdf,GIN,8,0.4,0,0.0,249,1e-05,0.0001,16,False,0.103,0.123,0.309,0.471,0.13,0.134,0.806,0.621
1670940264,xenosite.sdf,GIN,8,0.4,0,0.0,289,1e-05,0.0001,32,False,0.086,0.106,0.088,0.132,0.121,0.122,0.919,0.57
1670940284,xenosite.sdf,GIN,8,0.4,0,0.0,209,1e-05,0.0001,64,False,0.337,0.063,0.088,0.103,0.113,0.114,0.9,0.532
1670940296,xenosite.sdf,GIN,8,0.4,0,0.0,199,1e-05,1e-05,8,False,0.103,0.166,0.368,0.485,0.143,0.147,0.844,0.668
1670940340,xenosite.sdf,GIN,8,0.4,0,0.0,249,1e-05,1e-05,16,False,0.103,0.123,0.309,0.471,0.13,0.134,0.806,0.621
1670940370,xenosite.sdf,GIN,8,0.4,0,0.0,289,1e-05,1e-05,32,False,0.086,0.106,0.088,0.132,0.121,0.122,0.919,0.57
1670940391,xenosite.sdf,GIN,8,0.4,0,0.0,209,1e-05,1e-05,64,False,0.332,0.074,0.088,0.103,0.114,0.115,0.938,0.532
1670940403,xenosite.sdf,GIN,16,0.1,0,0.0,199,0.001,0.001,8,False,0.13,0.52,0.765,0.897,0.378,0.405,0.85,0.922
1670940447,xenosite.sdf,GIN,16,0.1,0,0.0,189,0.001,0.001,16,False,0.132,0.546,0.75,0.809,0.414,0.468,0.781,0.911
1670940472,xenosite.sdf,GIN,16,0.1,0,0.0,189,0.001,0.001,32,False,0.148,0.498,0.794,0.838,0.367,0.406,0.794,0.911
1670940487,xenosite.sdf,GIN,16,0.1,0,0.0,229,0.001,0.001,64,False,0.115,0.47,0.779,0.838,0.339,0.367,0.812,0.909
1670940499,xenosite.sdf,GIN,16,0.1,0,0.0,199,0.001,0.0001,8,False,0.18,0.591,0.75,0.912,0.454,0.502,0.825,0.933
1670940545,xenosite.sdf,GIN,16,0.1,0,0.0,209,0.001,0.0001,16,False,0.137,0.54,0.721,0.868,0.404,0.448,0.806,0.922
1670940570,xenosite.sdf,GIN,16,0.1,0,0.0,209,0.001,0.0001,32,False,0.169,0.572,0.691,0.794,0.443,0.517,0.756,0.903
1670940587,xenosite.sdf,GIN,16,0.1,0,0.0,209,0.001,0.0001,64,False,0.164,0.542,0.735,0.824,0.407,0.451,0.806,0.912
1670940598,xenosite.sdf,GIN,16,0.1,0,0.0,199,0.001,1e-05,8,False,0.206,0.567,0.779,0.853,0.43,0.478,0.812,0.925
1670940643,xenosite.sdf,GIN,16,0.1,0,0.0,209,0.001,1e-05,16,False,0.158,0.567,0.691,0.838,0.436,0.496,0.781,0.914
1670940669,xenosite.sdf,GIN,16,0.1,0,0.0,209,0.001,1e-05,32,False,0.138,0.544,0.721,0.853,0.414,0.473,0.769,0.905
1670940685,xenosite.sdf,GIN,16,0.1,0,0.0,189,0.001,1e-05,64,False,0.093,0.46,0.75,0.882,0.32,0.337,0.869,0.911
1670940695,xenosite.sdf,GIN,16,0.1,0,0.0,199,0.0001,0.001,8,False,0.112,0.406,0.706,0.824,0.282,0.298,0.838,0.882
1670940740,xenosite.sdf,GIN,16,0.1,0,0.0,199,0.0001,0.001,16,False,0.109,0.387,0.691,0.765,0.267,0.282,0.838,0.869
1670940765,xenosite.sdf,GIN,16,0.1,0,0.0,229,0.0001,0.001,32,False,0.115,0.373,0.618,0.75,0.257,0.271,0.831,0.862
1670940783,xenosite.sdf,GIN,16,0.1,0,0.0,199,0.0001,0.001,64,False,0.156,0.377,0.515,0.618,0.274,0.305,0.731,0.836
1670940794,xenosite.sdf,GIN,16,0.1,0,0.0,199,0.0001,0.0001,8,False,0.104,0.396,0.706,0.809,0.27,0.282,0.862,0.882
1670940838,xenosite.sdf,GIN,16,0.1,0,0.0,199,0.0001,0.0001,16,False,0.108,0.383,0.706,0.765,0.264,0.278,0.838,0.869
1670940863,xenosite.sdf,GIN,16,0.1,0,0.0,229,0.0001,0.0001,32,False,0.115,0.373,0.618,0.735,0.257,0.271,0.831,0.862
1670940880,xenosite.sdf,GIN,16,0.1,0,0.0,199,0.0001,0.0001,64,False,0.153,0.377,0.515,0.618,0.273,0.303,0.738,0.837
1670940891,xenosite.sdf,GIN,16,0.1,0,0.0,199,0.0001,1e-05,8,False,0.103,0.393,0.706,0.809,0.267,0.279,0.862,0.882
1670940935,xenosite.sdf,GIN,16,0.1,0,0.0,199,0.0001,1e-05,16,False,0.102,0.38,0.691,0.765,0.26,0.272,0.85,0.869
1670940960,xenosite.sdf,GIN,16,0.1,0,0.0,229,0.0001,1e-05,32,False,0.115,0.373,0.618,0.735,0.257,0.271,0.831,0.862
1670940978,xenosite.sdf,GIN,16,0.1,0,0.0,199,0.0001,1e-05,64,False,0.154,0.377,0.515,0.618,0.273,0.303,0.738,0.837
1670940989,xenosite.sdf,GIN,16,0.1,0,0.0,169,1e-05,0.001,8,False,0.126,0.268,0.382,0.471,0.195,0.206,0.788,0.758
1670941027,xenosite.sdf,GIN,16,0.1,0,0.0,229,1e-05,0.001,16,False,0.122,0.254,0.412,0.485,0.186,0.196,0.794,0.74
1670941055,xenosite.sdf,GIN,16,0.1,0,0.0,239,1e-05,0.001,32,False,0.093,0.173,0.426,0.529,0.143,0.146,0.875,0.665
1670941073,xenosite.sdf,GIN,16,0.1,0,0.0,279,1e-05,0.001,64,False,0.146,0.132,0.118,0.221,0.14,0.155,0.588,0.621
1670941088,xenosite.sdf,GIN,16,0.1,0,0.0,169,1e-05,0.0001,8,False,0.126,0.268,0.382,0.471,0.195,0.206,0.788,0.758
1670941126,xenosite.sdf,GIN,16,0.1,0,0.0,229,1e-05,0.0001,16,False,0.122,0.254,0.397,0.485,0.186,0.196,0.794,0.74
1670941155,xenosite.sdf,GIN,16,0.1,0,0.0,239,1e-05,0.0001,32,False,0.093,0.173,0.441,0.544,0.143,0.146,0.875,0.665
1670941173,xenosite.sdf,GIN,16,0.1,0,0.0,279,1e-05,0.0001,64,False,0.146,0.132,0.103,0.206,0.14,0.155,0.588,0.621
1670941187,xenosite.sdf,GIN,16,0.1,0,0.0,169,1e-05,1e-05,8,False,0.126,0.268,0.382,0.471,0.195,0.206,0.788,0.758
1670941226,xenosite.sdf,GIN,16,0.1,0,0.0,229,1e-05,1e-05,16,False,0.122,0.254,0.412,0.485,0.186,0.196,0.794,0.74
1670941254,xenosite.sdf,GIN,16,0.1,0,0.0,239,1e-05,1e-05,32,False,0.093,0.173,0.426,0.544,0.143,0.146,0.875,0.665
1670941272,xenosite.sdf,GIN,16,0.1,0,0.0,279,1e-05,1e-05,64,False,0.146,0.132,0.103,0.221,0.14,0.155,0.588,0.621
1670941287,xenosite.sdf,GIN,16,0.2,0,0.0,199,0.001,0.001,8,False,0.16,0.545,0.75,0.868,0.402,0.433,0.85,0.923
1670941330,xenosite.sdf,GIN,16,0.2,0,0.0,199,0.001,0.001,16,False,0.144,0.485,0.676,0.809,0.347,0.371,0.844,0.908
1670941356,xenosite.sdf,GIN,16,0.2,0,0.0,209,0.001,0.001,32,False,0.113,0.466,0.706,0.809,0.332,0.356,0.831,0.91
1670941372,xenosite.sdf,GIN,16,0.2,0,0.0,189,0.001,0.001,64,False,0.12,0.472,0.706,0.809,0.333,0.352,0.856,0.911
1670941383,xenosite.sdf,GIN,16,0.2,0,0.0,199,0.001,0.0001,8,False,0.133,0.505,0.721,0.853,0.365,0.391,0.844,0.919
1670941427,xenosite.sdf,GIN,16,0.2,0,0.0,209,0.001,0.0001,16,False,0.154,0.568,0.706,0.838,0.435,0.49,0.794,0.917
1670941454,xenosite.sdf,GIN,16,0.2,0,0.0,229,0.001,0.0001,32,False,0.145,0.508,0.691,0.824,0.372,0.406,0.819,0.909
1670941471,xenosite.sdf,GIN,16,0.2,0,0.0,199,0.001,0.0001,64,False,0.149,0.512,0.691,0.765,0.381,0.424,0.788,0.906
1670941482,xenosite.sdf,GIN,16,0.2,0,0.0,179,0.001,1e-05,8,False,0.169,0.559,0.676,0.824,0.42,0.462,0.825,0.916
1670941523,xenosite.sdf,GIN,16,0.2,0,0.0,199,0.001,1e-05,16,False,0.169,0.553,0.676,0.868,0.415,0.455,0.825,0.912
1670941548,xenosite.sdf,GIN,16,0.2,0,0.0,199,0.001,1e-05,32,False,0.125,0.479,0.676,0.794,0.344,0.369,0.831,0.908
1670941564,xenosite.sdf,GIN,16,0.2,0,0.0,189,0.001,1e-05,64,False,0.135,0.467,0.706,0.809,0.329,0.35,0.85,0.909
1670941575,xenosite.sdf,GIN,16,0.2,0,0.0,169,0.0001,0.001,8,False,0.119,0.393,0.706,0.809,0.273,0.289,0.825,0.872
1670941613,xenosite.sdf,GIN,16,0.2,0,0.0,199,0.0001,0.001,16,False,0.11,0.389,0.676,0.794,0.267,0.281,0.844,0.869
1670941638,xenosite.sdf,GIN,16,0.2,0,0.0,229,0.0001,0.001,32,False,0.119,0.379,0.662,0.765,0.261,0.276,0.831,0.861
1670941655,xenosite.sdf,GIN,16,0.2,0,0.0,199,0.0001,0.001,64,False,0.148,0.369,0.515,0.618,0.265,0.291,0.75,0.836
1670941666,xenosite.sdf,GIN,16,0.2,0,0.0,169,0.0001,0.0001,8,False,0.112,0.385,0.706,0.809,0.264,0.278,0.844,0.872
1670941704,xenosite.sdf,GIN,16,0.2,0,0.0,199,0.0001,0.0001,16,False,0.111,0.391,0.676,0.794,0.269,0.283,0.844,0.869
1670941729,xenosite.sdf,GIN,16,0.2,0,0.0,229,0.0001,0.0001,32,False,0.119,0.38,0.647,0.765,0.262,0.277,0.831,0.861
1670941746,xenosite.sdf,GIN,16,0.2,0,0.0,199,0.0001,0.0001,64,False,0.148,0.37,0.515,0.618,0.266,0.292,0.75,0.836
1670941756,xenosite.sdf,GIN,16,0.2,0,0.0,169,0.0001,1e-05,8,False,0.115,0.386,0.706,0.809,0.267,0.282,0.831,0.872
1670941795,xenosite.sdf,GIN,16,0.2,0,0.0,199,0.0001,1e-05,16,False,0.108,0.39,0.676,0.794,0.267,0.28,0.85,0.869
1670941819,xenosite.sdf,GIN,16,0.2,0,0.0,229,0.0001,1e-05,32,False,0.119,0.38,0.662,0.765,0.262,0.277,0.831,0.861
1670941836,xenosite.sdf,GIN,16,0.2,0,0.0,199,0.0001,1e-05,64,False,0.148,0.37,0.515,0.618,0.266,0.292,0.75,0.836
1670941847,xenosite.sdf,GIN,16,0.2,0,0.0,169,1e-05,0.001,8,False,0.126,0.264,0.412,0.485,0.193,0.204,0.781,0.756
1670941886,xenosite.sdf,GIN,16,0.2,0,0.0,229,1e-05,0.001,16,False,0.12,0.248,0.412,0.5,0.183,0.191,0.8,0.738
1670941913,xenosite.sdf,GIN,16,0.2,0,0.0,239,1e-05,0.001,32,False,0.087,0.168,0.412,0.529,0.139,0.141,0.912,0.664
1670941931,xenosite.sdf,GIN,16,0.2,0,0.0,279,1e-05,0.001,64,False,0.146,0.131,0.103,0.191,0.14,0.155,0.588,0.621
1670941944,xenosite.sdf,GIN,16,0.2,0,0.0,169,1e-05,0.0001,8,False,0.126,0.264,0.412,0.485,0.193,0.204,0.781,0.756
1670941982,xenosite.sdf,GIN,16,0.2,0,0.0,229,1e-05,0.0001,16,False,0.12,0.248,0.412,0.515,0.183,0.191,0.8,0.738
1670942010,xenosite.sdf,GIN,16,0.2,0,0.0,239,1e-05,0.0001,32,False,0.087,0.168,0.412,0.529,0.139,0.141,0.912,0.664
1670942027,xenosite.sdf,GIN,16,0.2,0,0.0,279,1e-05,0.0001,64,False,0.146,0.131,0.103,0.191,0.14,0.155,0.588,0.621
1670942041,xenosite.sdf,GIN,16,0.2,0,0.0,169,1e-05,1e-05,8,False,0.126,0.264,0.412,0.485,0.193,0.204,0.781,0.756
1670942079,xenosite.sdf,GIN,16,0.2,0,0.0,229,1e-05,1e-05,16,False,0.12,0.249,0.412,0.5,0.183,0.192,0.8,0.738
1670942107,xenosite.sdf,GIN,16,0.2,0,0.0,239,1e-05,1e-05,32,False,0.087,0.169,0.412,0.529,0.139,0.141,0.912,0.664
1670942124,xenosite.sdf,GIN,16,0.2,0,0.0,279,1e-05,1e-05,64,False,0.146,0.131,0.103,0.191,0.14,0.155,0.588,0.621
1670942139,xenosite.sdf,GIN,16,0.3,0,0.0,209,0.001,0.001,8,False,0.105,0.495,0.706,0.838,0.354,0.376,0.856,0.918
1670942184,xenosite.sdf,GIN,16,0.3,0,0.0,189,0.001,0.001,16,False,0.099,0.461,0.691,0.868,0.319,0.333,0.881,0.913
1670942209,xenosite.sdf,GIN,16,0.3,0,0.0,209,0.001,0.001,32,False,0.102,0.454,0.706,0.868,0.317,0.333,0.862,0.907
1670942225,xenosite.sdf,GIN,16,0.3,0,0.0,199,0.001,0.001,64,False,0.138,0.492,0.706,0.824,0.363,0.405,0.781,0.905
1670942236,xenosite.sdf,GIN,16,0.3,0,0.0,199,0.001,0.0001,8,False,0.133,0.523,0.765,0.897,0.385,0.419,0.825,0.919
1670942279,xenosite.sdf,GIN,16,0.3,0,0.0,199,0.001,0.0001,16,False,0.11,0.487,0.676,0.838,0.341,0.356,0.888,0.915
1670942303,xenosite.sdf,GIN,16,0.3,0,0.0,199,0.001,0.0001,32,False,0.098,0.473,0.706,0.809,0.332,0.349,0.869,0.909
1670942318,xenosite.sdf,GIN,16,0.3,0,0.0,189,0.001,0.0001,64,False,0.122,0.468,0.676,0.838,0.34,0.372,0.794,0.906
1670942329,xenosite.sdf,GIN,16,0.3,0,0.0,199,0.001,1e-05,8,False,0.116,0.511,0.721,0.868,0.363,0.382,0.881,0.92
1670942373,xenosite.sdf,GIN,16,0.3,0,0.0,189,0.001,1e-05,16,False,0.078,0.446,0.691,0.838,0.303,0.313,0.9,0.914
1670942397,xenosite.sdf,GIN,16,0.3,0,0.0,209,0.001,1e-05,32,False,0.101,0.458,0.691,0.853,0.316,0.33,0.881,0.91
1670942413,xenosite.sdf,GIN,16,0.3,0,0.0,199,0.001,1e-05,64,False,0.123,0.462,0.706,0.794,0.334,0.366,0.794,0.903
1670942424,xenosite.sdf,GIN,16,0.3,0,0.0,169,0.0001,0.001,8,False,0.106,0.373,0.676,0.809,0.253,0.264,0.856,0.872
1670942462,xenosite.sdf,GIN,16,0.3,0,0.0,199,0.0001,0.001,16,False,0.123,0.401,0.647,0.779,0.281,0.3,0.812,0.866
1670942487,xenosite.sdf,GIN,16,0.3,0,0.0,229,0.0001,0.001,32,False,0.116,0.368,0.603,0.779,0.251,0.263,0.85,0.858
1670942504,xenosite.sdf,GIN,16,0.3,0,0.0,199,0.0001,0.001,64,False,0.147,0.361,0.5,0.603,0.259,0.284,0.75,0.834
1670942515,xenosite.sdf,GIN,16,0.3,0,0.0,169,0.0001,0.0001,8,False,0.11,0.381,0.676,0.809,0.26,0.273,0.85,0.872
1670942554,xenosite.sdf,GIN,16,0.3,0,0.0,199,0.0001,0.0001,16,False,0.122,0.401,0.647,0.779,0.281,0.3,0.812,0.866
1670942579,xenosite.sdf,GIN,16,0.3,0,0.0,229,0.0001,0.0001,32,False,0.116,0.368,0.603,0.765,0.251,0.263,0.85,0.858
1670942595,xenosite.sdf,GIN,16,0.3,0,0.0,199,0.0001,0.0001,64,False,0.148,0.362,0.5,0.603,0.26,0.285,0.75,0.834
1670942606,xenosite.sdf,GIN,16,0.3,0,0.0,169,0.0001,1e-05,8,False,0.111,0.38,0.676,0.809,0.26,0.272,0.85,0.871
1670942644,xenosite.sdf,GIN,16,0.3,0,0.0,199,0.0001,1e-05,16,False,0.122,0.398,0.647,0.779,0.279,0.298,0.812,0.866
1670942668,xenosite.sdf,GIN,16,0.3,0,0.0,229,0.0001,1e-05,32,False,0.116,0.368,0.603,0.779,0.251,0.263,0.85,0.859
1670942685,xenosite.sdf,GIN,16,0.3,0,0.0,199,0.0001,1e-05,64,False,0.148,0.362,0.5,0.603,0.26,0.285,0.75,0.834
1670942695,xenosite.sdf,GIN,16,0.3,0,0.0,169,1e-05,0.001,8,False,0.125,0.261,0.397,0.5,0.191,0.202,0.781,0.753
1670942734,xenosite.sdf,GIN,16,0.3,0,0.0,229,1e-05,0.001,16,False,0.118,0.246,0.397,0.515,0.181,0.189,0.806,0.735
1670942762,xenosite.sdf,GIN,16,0.3,0,0.0,239,1e-05,0.001,32,False,0.093,0.171,0.426,0.529,0.142,0.145,0.881,0.662
1670942779,xenosite.sdf,GIN,16,0.3,0,0.0,279,1e-05,0.001,64,False,0.146,0.131,0.103,0.206,0.14,0.155,0.588,0.62
1670942793,xenosite.sdf,GIN,16,0.3,0,0.0,169,1e-05,0.0001,8,False,0.125,0.262,0.397,0.5,0.192,0.203,0.781,0.754
1670942830,xenosite.sdf,GIN,16,0.3,0,0.0,229,1e-05,0.0001,16,False,0.118,0.246,0.412,0.515,0.181,0.189,0.806,0.736
1670942858,xenosite.sdf,GIN,16,0.3,0,0.0,239,1e-05,0.0001,32,False,0.093,0.171,0.426,0.529,0.142,0.145,0.881,0.662
1670942875,xenosite.sdf,GIN,16,0.3,0,0.0,279,1e-05,0.0001,64,False,0.146,0.131,0.103,0.206,0.14,0.155,0.588,0.62
1670942889,xenosite.sdf,GIN,16,0.3,0,0.0,169,1e-05,1e-05,8,False,0.125,0.262,0.397,0.5,0.192,0.203,0.781,0.754
1670942926,xenosite.sdf,GIN,16,0.3,0,0.0,229,1e-05,1e-05,16,False,0.118,0.246,0.412,0.515,0.181,0.189,0.806,0.736
1670942954,xenosite.sdf,GIN,16,0.3,0,0.0,239,1e-05,1e-05,32,False,0.093,0.171,0.426,0.529,0.142,0.145,0.881,0.662
1670942971,xenosite.sdf,GIN,16,0.3,0,0.0,279,1e-05,1e-05,64,False,0.146,0.131,0.103,0.206,0.14,0.155,0.588,0.62
1670942987,xenosite.sdf,GIN,16,0.4,0,0.0,199,0.001,0.001,8,False,0.119,0.467,0.691,0.868,0.326,0.341,0.875,0.912
1670943030,xenosite.sdf,GIN,16,0.4,0,0.0,229,0.001,0.001,16,False,0.095,0.455,0.735,0.882,0.314,0.328,0.881,0.911
1670943059,xenosite.sdf,GIN,16,0.4,0,0.0,209,0.001,0.001,32,False,0.096,0.45,0.706,0.824,0.31,0.325,0.875,0.906
1670943075,xenosite.sdf,GIN,16,0.4,0,0.0,189,0.001,0.001,64,False,0.072,0.412,0.662,0.794,0.279,0.291,0.875,0.896
1670943086,xenosite.sdf,GIN,16,0.4,0,0.0,189,0.001,0.0001,8,False,0.087,0.442,0.735,0.882,0.3,0.312,0.894,0.911
1670943129,xenosite.sdf,GIN,16,0.4,0,0.0,199,0.001,0.0001,16,False,0.121,0.479,0.706,0.838,0.338,0.358,0.862,0.913
1670943154,xenosite.sdf,GIN,16,0.4,0,0.0,199,0.001,0.0001,32,False,0.118,0.488,0.676,0.824,0.352,0.379,0.831,0.91
1670943169,xenosite.sdf,GIN,16,0.4,0,0.0,189,0.001,0.0001,64,False,0.068,0.407,0.676,0.779,0.273,0.282,0.894,0.897
1670943179,xenosite.sdf,GIN,16,0.4,0,0.0,199,0.001,1e-05,8,False,0.112,0.471,0.676,0.868,0.328,0.343,0.881,0.911
1670943224,xenosite.sdf,GIN,16,0.4,0,0.0,209,0.001,1e-05,16,False,0.095,0.459,0.706,0.838,0.32,0.336,0.869,0.91
1670943250,xenosite.sdf,GIN,16,0.4,0,0.0,199,0.001,1e-05,32,False,0.106,0.47,0.676,0.794,0.331,0.35,0.856,0.908
1670943265,xenosite.sdf,GIN,16,0.4,0,0.0,189,0.001,1e-05,64,False,0.081,0.427,0.662,0.765,0.295,0.31,0.856,0.896
1670943276,xenosite.sdf,GIN,16,0.4,0,0.0,169,0.0001,0.001,8,False,0.135,0.402,0.676,0.779,0.287,0.312,0.781,0.87
1670943315,xenosite.sdf,GIN,16,0.4,0,0.0,199,0.0001,0.001,16,False,0.108,0.373,0.662,0.779,0.253,0.264,0.856,0.864
1670943340,xenosite.sdf,GIN,16,0.4,0,0.0,209,0.0001,0.001,32,False,0.108,0.351,0.618,0.735,0.239,0.25,0.85,0.852
1670943356,xenosite.sdf,GIN,16,0.4,0,0.0,199,0.0001,0.001,64,False,0.155,0.366,0.471,0.603,0.266,0.296,0.725,0.831
1670943367,xenosite.sdf,GIN,16,0.4,0,0.0,169,0.0001,0.0001,8,False,0.133,0.401,0.676,0.779,0.285,0.31,0.781,0.87
1670943406,xenosite.sdf,GIN,16,0.4,0,0.0,199,0.0001,0.0001,16,False,0.114,0.381,0.662,0.794,0.262,0.276,0.838,0.865
1670943430,xenosite.sdf,GIN,16,0.4,0,0.0,209,0.0001,0.0001,32,False,0.108,0.352,0.618,0.735,0.239,0.25,0.85,0.852
1670943446,xenosite.sdf,GIN,16,0.4,0,0.0,199,0.0001,0.0001,64,False,0.155,0.37,0.471,0.603,0.268,0.298,0.731,0.831
1670943457,xenosite.sdf,GIN,16,0.4,0,0.0,169,0.0001,1e-05,8,False,0.135,0.404,0.676,0.779,0.288,0.313,0.781,0.87
1670943496,xenosite.sdf,GIN,16,0.4,0,0.0,199,0.0001,1e-05,16,False,0.114,0.382,0.662,0.794,0.263,0.277,0.838,0.865
1670943521,xenosite.sdf,GIN,16,0.4,0,0.0,209,0.0001,1e-05,32,False,0.108,0.352,0.618,0.735,0.239,0.25,0.85,0.853
1670943536,xenosite.sdf,GIN,16,0.4,0,0.0,199,0.0001,1e-05,64,False,0.155,0.371,0.471,0.603,0.269,0.298,0.731,0.831
1670943547,xenosite.sdf,GIN,16,0.4,0,0.0,169,1e-05,0.001,8,False,0.123,0.256,0.397,0.515,0.188,0.198,0.788,0.75
1670943586,xenosite.sdf,GIN,16,0.4,0,0.0,229,1e-05,0.001,16,False,0.117,0.244,0.397,0.515,0.18,0.188,0.806,0.733
1670943614,xenosite.sdf,GIN,16,0.4,0,0.0,239,1e-05,0.001,32,False,0.093,0.171,0.426,0.529,0.142,0.145,0.881,0.661
1670943632,xenosite.sdf,GIN,16,0.4,0,0.0,279,1e-05,0.001,64,False,0.146,0.131,0.103,0.206,0.14,0.155,0.588,0.62
1670943647,xenosite.sdf,GIN,16,0.4,0,0.0,169,1e-05,0.0001,8,False,0.123,0.256,0.412,0.515,0.188,0.198,0.788,0.75
1670943685,xenosite.sdf,GIN,16,0.4,0,0.0,229,1e-05,0.0001,16,False,0.117,0.244,0.397,0.529,0.18,0.188,0.806,0.734
1670943715,xenosite.sdf,GIN,16,0.4,0,0.0,239,1e-05,0.0001,32,False,0.093,0.171,0.426,0.529,0.142,0.145,0.881,0.661
1670943733,xenosite.sdf,GIN,16,0.4,0,0.0,279,1e-05,0.0001,64,False,0.146,0.132,0.103,0.206,0.14,0.155,0.588,0.62
1670943747,xenosite.sdf,GIN,16,0.4,0,0.0,169,1e-05,1e-05,8,False,0.123,0.256,0.397,0.515,0.188,0.198,0.788,0.75
1670943785,xenosite.sdf,GIN,16,0.4,0,0.0,229,1e-05,1e-05,16,False,0.118,0.244,0.412,0.529,0.18,0.188,0.806,0.733
1670943813,xenosite.sdf,GIN,16,0.4,0,0.0,239,1e-05,1e-05,32,False,0.093,0.171,0.426,0.529,0.142,0.145,0.881,0.661
1670943831,xenosite.sdf,GIN,16,0.4,0,0.0,279,1e-05,1e-05,64,False,0.146,0.132,0.118,0.206,0.14,0.155,0.588,0.62
1670943846,xenosite.sdf,GIN,32,0.1,0,0.0,199,0.001,0.001,8,False,0.07,0.509,0.75,0.882,0.369,0.396,0.844,0.92
1670943889,xenosite.sdf,GIN,32,0.1,0,0.0,199,0.001,0.001,16,False,0.244,0.627,0.75,0.853,0.494,0.561,0.806,0.917
1670943916,xenosite.sdf,GIN,32,0.1,0,0.0,219,0.001,0.001,32,False,0.106,0.524,0.794,0.897,0.384,0.413,0.844,0.919
1670943932,xenosite.sdf,GIN,32,0.1,0,0.0,219,0.001,0.001,64,False,0.113,0.518,0.721,0.897,0.384,0.423,0.806,0.906
1670943944,xenosite.sdf,GIN,32,0.1,0,0.0,199,0.001,0.0001,8,False,0.119,0.57,0.721,0.838,0.435,0.489,0.8,0.92
1670943988,xenosite.sdf,GIN,32,0.1,0,0.0,199,0.001,0.0001,16,False,0.076,0.472,0.779,0.868,0.329,0.344,0.881,0.914
1670944013,xenosite.sdf,GIN,32,0.1,0,0.0,209,0.001,0.0001,32,False,0.149,0.584,0.779,0.868,0.448,0.5,0.812,0.921
1670944029,xenosite.sdf,GIN,32,0.1,0,0.0,229,0.001,0.0001,64,False,0.088,0.48,0.765,0.882,0.342,0.365,0.844,0.911
1670944041,xenosite.sdf,GIN,32,0.1,0,0.0,179,0.001,1e-05,8,False,0.063,0.547,0.721,0.853,0.403,0.432,0.856,0.922
1670944081,xenosite.sdf,GIN,32,0.1,0,0.0,219,0.001,1e-05,16,False,0.058,0.509,0.809,0.868,0.36,0.378,0.888,0.918
1670944109,xenosite.sdf,GIN,32,0.1,0,0.0,209,0.001,1e-05,32,False,0.143,0.568,0.706,0.853,0.434,0.487,0.8,0.918
1670944125,xenosite.sdf,GIN,32,0.1,0,0.0,229,0.001,1e-05,64,False,0.081,0.451,0.779,0.912,0.315,0.333,0.856,0.904
1670944137,xenosite.sdf,GIN,32,0.1,0,0.0,199,0.0001,0.001,8,False,0.09,0.407,0.735,0.853,0.271,0.279,0.906,0.896
1670944181,xenosite.sdf,GIN,32,0.1,0,0.0,189,0.0001,0.001,16,False,0.101,0.401,0.706,0.809,0.275,0.289,0.85,0.88
1670944205,xenosite.sdf,GIN,32,0.1,0,0.0,179,0.0001,0.001,32,False,0.103,0.368,0.647,0.735,0.251,0.263,0.85,0.861
1670944219,xenosite.sdf,GIN,32,0.1,0,0.0,199,0.0001,0.001,64,False,0.128,0.371,0.618,0.721,0.261,0.28,0.794,0.849
1670944230,xenosite.sdf,GIN,32,0.1,0,0.0,199,0.0001,0.0001,8,False,0.1,0.414,0.75,0.853,0.283,0.295,0.869,0.896
1670944275,xenosite.sdf,GIN,32,0.1,0,0.0,189,0.0001,0.0001,16,False,0.103,0.404,0.691,0.824,0.278,0.292,0.85,0.88
1670944299,xenosite.sdf,GIN,32,0.1,0,0.0,179,0.0001,0.0001,32,False,0.104,0.371,0.647,0.721,0.253,0.265,0.85,0.861
1670944313,xenosite.sdf,GIN,32,0.1,0,0.0,199,0.0001,0.0001,64,False,0.129,0.373,0.603,0.721,0.262,0.282,0.794,0.849
1670944324,xenosite.sdf,GIN,32,0.1,0,0.0,199,0.0001,1e-05,8,False,0.099,0.415,0.75,0.853,0.283,0.296,0.869,0.896
1670944369,xenosite.sdf,GIN,32,0.1,0,0.0,189,0.0001,1e-05,16,False,0.103,0.405,0.691,0.824,0.279,0.293,0.85,0.88
1670944392,xenosite.sdf,GIN,32,0.1,0,0.0,179,0.0001,1e-05,32,False,0.105,0.371,0.647,0.721,0.253,0.265,0.85,0.861
1670944407,xenosite.sdf,GIN,32,0.1,0,0.0,199,0.0001,1e-05,64,False,0.128,0.372,0.618,0.721,0.262,0.281,0.794,0.849
1670944418,xenosite.sdf,GIN,32,0.1,0,0.0,179,1e-05,0.001,8,False,0.141,0.312,0.338,0.5,0.224,0.241,0.762,0.796
1670944458,xenosite.sdf,GIN,32,0.1,0,0.0,199,1e-05,0.001,16,False,0.141,0.284,0.324,0.529,0.208,0.223,0.75,0.762
1670944483,xenosite.sdf,GIN,32,0.1,0,0.0,229,1e-05,0.001,32,False,0.107,0.241,0.353,0.5,0.173,0.179,0.856,0.725
1670944499,xenosite.sdf,GIN,32,0.1,0,0.0,289,1e-05,0.001,64,False,0.1,0.203,0.279,0.412,0.156,0.161,0.856,0.681
1670944514,xenosite.sdf,GIN,32,0.1,0,0.0,179,1e-05,0.0001,8,False,0.141,0.313,0.338,0.5,0.225,0.242,0.762,0.796
1670944554,xenosite.sdf,GIN,32,0.1,0,0.0,199,1e-05,0.0001,16,False,0.141,0.284,0.324,0.529,0.208,0.223,0.75,0.762
1670944578,xenosite.sdf,GIN,32,0.1,0,0.0,229,1e-05,0.0001,32,False,0.107,0.241,0.353,0.515,0.173,0.179,0.856,0.725
1670944595,xenosite.sdf,GIN,32,0.1,0,0.0,289,1e-05,0.0001,64,False,0.1,0.203,0.279,0.412,0.156,0.161,0.856,0.681
1670944609,xenosite.sdf,GIN,32,0.1,0,0.0,179,1e-05,1e-05,8,False,0.127,0.304,0.338,0.5,0.213,0.224,0.812,0.796
1670944650,xenosite.sdf,GIN,32,0.1,0,0.0,199,1e-05,1e-05,16,False,0.141,0.284,0.324,0.529,0.208,0.223,0.75,0.762
1670944674,xenosite.sdf,GIN,32,0.1,0,0.0,229,1e-05,1e-05,32,False,0.107,0.241,0.338,0.515,0.173,0.179,0.856,0.725
1670944691,xenosite.sdf,GIN,32,0.1,0,0.0,289,1e-05,1e-05,64,False,0.1,0.203,0.279,0.412,0.156,0.161,0.856,0.681
1670944705,xenosite.sdf,GIN,32,0.2,0,0.0,209,0.001,0.001,8,False,0.187,0.579,0.735,0.882,0.444,0.5,0.8,0.918
1670944752,xenosite.sdf,GIN,32,0.2,0,0.0,239,0.001,0.001,16,False,0.118,0.541,0.706,0.853,0.402,0.44,0.825,0.911
1670944781,xenosite.sdf,GIN,32,0.2,0,0.0,199,0.001,0.001,32,False,0.169,0.528,0.779,0.882,0.398,0.452,0.769,0.907
1670944796,xenosite.sdf,GIN,32,0.2,0,0.0,259,0.001,0.001,64,False,0.198,0.598,0.721,0.853,0.468,0.541,0.775,0.91
1670944810,xenosite.sdf,GIN,32,0.2,0,0.0,199,0.001,0.0001,8,False,0.122,0.539,0.765,0.838,0.399,0.432,0.838,0.922
1670944855,xenosite.sdf,GIN,32,0.2,0,0.0,219,0.001,0.0001,16,False,0.114,0.54,0.809,0.882,0.404,0.448,0.806,0.913
1670944883,xenosite.sdf,GIN,32,0.2,0,0.0,199,0.001,0.0001,32,False,0.172,0.554,0.765,0.882,0.426,0.496,0.75,0.907
1670944898,xenosite.sdf,GIN,32,0.2,0,0.0,229,0.001,0.0001,64,False,0.143,0.556,0.75,0.882,0.424,0.481,0.781,0.912
1670944910,xenosite.sdf,GIN,32,0.2,0,0.0,189,0.001,1e-05,8,False,0.073,0.547,0.706,0.868,0.401,0.426,0.869,0.921
1670944953,xenosite.sdf,GIN,32,0.2,0,0.0,199,0.001,1e-05,16,False,0.079,0.513,0.75,0.838,0.365,0.384,0.881,0.921
1670944977,xenosite.sdf,GIN,32,0.2,0,0.0,179,0.001,1e-05,32,False,0.152,0.496,0.721,0.853,0.362,0.395,0.812,0.904
1670944991,xenosite.sdf,GIN,32,0.2,0,0.0,229,0.001,1e-05,64,False,0.111,0.503,0.75,0.897,0.368,0.402,0.812,0.908
1670945003,xenosite.sdf,GIN,32,0.2,0,0.0,199,0.0001,0.001,8,False,0.133,0.441,0.721,0.824,0.317,0.345,0.794,0.892
1670945047,xenosite.sdf,GIN,32,0.2,0,0.0,189,0.0001,0.001,16,False,0.09,0.383,0.676,0.794,0.257,0.266,0.881,0.878
1670945072,xenosite.sdf,GIN,32,0.2,0,0.0,179,0.0001,0.001,32,False,0.104,0.369,0.647,0.735,0.253,0.265,0.844,0.861
1670945085,xenosite.sdf,GIN,32,0.2,0,0.0,199,0.0001,0.001,64,False,0.1,0.346,0.588,0.691,0.234,0.243,0.862,0.849
1670945096,xenosite.sdf,GIN,32,0.2,0,0.0,199,0.0001,0.0001,8,False,0.128,0.436,0.721,0.824,0.31,0.335,0.806,0.893
1670945141,xenosite.sdf,GIN,32,0.2,0,0.0,189,0.0001,0.0001,16,False,0.09,0.385,0.662,0.794,0.258,0.268,0.881,0.878
1670945165,xenosite.sdf,GIN,32,0.2,0,0.0,179,0.0001,0.0001,32,False,0.097,0.359,0.647,0.735,0.244,0.254,0.856,0.861
1670945179,xenosite.sdf,GIN,32,0.2,0,0.0,199,0.0001,0.0001,64,False,0.1,0.346,0.588,0.691,0.234,0.243,0.862,0.849
1670945190,xenosite.sdf,GIN,32,0.2,0,0.0,199,0.0001,1e-05,8,False,0.13,0.436,0.721,0.824,0.312,0.34,0.794,0.893
1670945235,xenosite.sdf,GIN,32,0.2,0,0.0,189,0.0001,1e-05,16,False,0.09,0.384,0.662,0.794,0.258,0.267,0.881,0.878
1670945260,xenosite.sdf,GIN,32,0.2,0,0.0,179,0.0001,1e-05,32,False,0.097,0.359,0.632,0.721,0.244,0.254,0.856,0.861
1670945274,xenosite.sdf,GIN,32,0.2,0,0.0,199,0.0001,1e-05,64,False,0.1,0.345,0.588,0.691,0.233,0.242,0.862,0.849
1670945285,xenosite.sdf,GIN,32,0.2,0,0.0,179,1e-05,0.001,8,False,0.141,0.302,0.324,0.5,0.219,0.236,0.75,0.794
1670945326,xenosite.sdf,GIN,32,0.2,0,0.0,199,1e-05,0.001,16,False,0.14,0.279,0.324,0.515,0.205,0.22,0.75,0.761
1670945352,xenosite.sdf,GIN,32,0.2,0,0.0,229,1e-05,0.001,32,False,0.107,0.241,0.338,0.515,0.174,0.179,0.856,0.725
1670945368,xenosite.sdf,GIN,32,0.2,0,0.0,289,1e-05,0.001,64,False,0.1,0.202,0.279,0.412,0.156,0.16,0.856,0.68
1670945382,xenosite.sdf,GIN,32,0.2,0,0.0,179,1e-05,0.0001,8,False,0.141,0.304,0.324,0.5,0.221,0.238,0.75,0.794
1670945422,xenosite.sdf,GIN,32,0.2,0,0.0,199,1e-05,0.0001,16,False,0.14,0.279,0.324,0.515,0.205,0.22,0.75,0.761
1670945447,xenosite.sdf,GIN,32,0.2,0,0.0,229,1e-05,0.0001,32,False,0.107,0.241,0.338,0.515,0.174,0.179,0.856,0.725
1670945464,xenosite.sdf,GIN,32,0.2,0,0.0,289,1e-05,0.0001,64,False,0.1,0.202,0.279,0.412,0.156,0.16,0.856,0.68
1670945479,xenosite.sdf,GIN,32,0.2,0,0.0,179,1e-05,1e-05,8,False,0.141,0.304,0.324,0.5,0.221,0.238,0.75,0.794
1670945520,xenosite.sdf,GIN,32,0.2,0,0.0,199,1e-05,1e-05,16,False,0.14,0.279,0.324,0.515,0.205,0.22,0.75,0.761
1670945545,xenosite.sdf,GIN,32,0.2,0,0.0,229,1e-05,1e-05,32,False,0.107,0.241,0.338,0.515,0.174,0.179,0.856,0.725
1670945562,xenosite.sdf,GIN,32,0.2,0,0.0,289,1e-05,1e-05,64,False,0.1,0.202,0.279,0.426,0.156,0.16,0.856,0.68
1670945576,xenosite.sdf,GIN,32,0.3,0,0.0,179,0.001,0.001,8,False,0.091,0.492,0.735,0.824,0.357,0.388,0.819,0.909
1670945617,xenosite.sdf,GIN,32,0.3,0,0.0,199,0.001,0.001,16,False,0.112,0.522,0.706,0.882,0.391,0.439,0.781,0.913
1670945642,xenosite.sdf,GIN,32,0.3,0,0.0,209,0.001,0.001,32,False,0.183,0.581,0.765,0.882,0.454,0.541,0.738,0.907
1670945658,xenosite.sdf,GIN,32,0.3,0,0.0,229,0.001,0.001,64,False,0.081,0.483,0.706,0.882,0.343,0.366,0.85,0.909
1670945671,xenosite.sdf,GIN,32,0.3,0,0.0,219,0.001,0.0001,8,False,0.089,0.485,0.691,0.824,0.348,0.373,0.838,0.906
1670945720,xenosite.sdf,GIN,32,0.3,0,0.0,199,0.001,0.0001,16,False,0.135,0.558,0.721,0.868,0.426,0.481,0.788,0.912
1670945746,xenosite.sdf,GIN,32,0.3,0,0.0,209,0.001,0.0001,32,False,0.116,0.521,0.735,0.882,0.388,0.432,0.794,0.91
1670945762,xenosite.sdf,GIN,32,0.3,0,0.0,229,0.001,0.0001,64,False,0.12,0.539,0.735,0.897,0.405,0.451,0.8,0.91
1670945774,xenosite.sdf,GIN,32,0.3,0,0.0,219,0.001,1e-05,8,False,0.062,0.482,0.706,0.868,0.342,0.362,0.856,0.908
1670945823,xenosite.sdf,GIN,32,0.3,0,0.0,179,0.001,1e-05,16,False,0.103,0.514,0.75,0.912,0.371,0.396,0.856,0.918
1670945847,xenosite.sdf,GIN,32,0.3,0,0.0,199,0.001,1e-05,32,False,0.118,0.519,0.735,0.912,0.38,0.412,0.831,0.912
1670945863,xenosite.sdf,GIN,32,0.3,0,0.0,219,0.001,1e-05,64,False,0.112,0.481,0.735,0.912,0.346,0.374,0.825,0.906
1670945874,xenosite.sdf,GIN,32,0.3,0,0.0,199,0.0001,0.001,8,False,0.118,0.424,0.676,0.809,0.297,0.317,0.825,0.888
1670945920,xenosite.sdf,GIN,32,0.3,0,0.0,189,0.0001,0.001,16,False,0.085,0.381,0.647,0.794,0.252,0.258,0.906,0.875
1670945944,xenosite.sdf,GIN,32,0.3,0,0.0,179,0.0001,0.001,32,False,0.123,0.387,0.632,0.75,0.273,0.294,0.794,0.86
1670945958,xenosite.sdf,GIN,32,0.3,0,0.0,199,0.0001,0.001,64,False,0.109,0.351,0.603,0.721,0.241,0.253,0.838,0.848
1670945969,xenosite.sdf,GIN,32,0.3,0,0.0,199,0.0001,0.0001,8,False,0.12,0.425,0.676,0.824,0.299,0.32,0.819,0.888
1670946014,xenosite.sdf,GIN,32,0.3,0,0.0,189,0.0001,0.0001,16,False,0.086,0.386,0.647,0.779,0.255,0.262,0.906,0.875
1670946038,xenosite.sdf,GIN,32,0.3,0,0.0,179,0.0001,0.0001,32,False,0.124,0.386,0.632,0.75,0.273,0.293,0.794,0.86
1670946052,xenosite.sdf,GIN,32,0.3,0,0.0,199,0.0001,0.0001,64,False,0.109,0.351,0.603,0.721,0.241,0.253,0.838,0.848
1670946063,xenosite.sdf,GIN,32,0.3,0,0.0,199,0.0001,1e-05,8,False,0.119,0.425,0.676,0.824,0.299,0.319,0.825,0.888
1670946108,xenosite.sdf,GIN,32,0.3,0,0.0,189,0.0001,1e-05,16,False,0.086,0.381,0.647,0.794,0.252,0.258,0.906,0.875
1670946132,xenosite.sdf,GIN,32,0.3,0,0.0,179,0.0001,1e-05,32,False,0.124,0.386,0.632,0.75,0.273,0.295,0.788,0.86
1670946146,xenosite.sdf,GIN,32,0.3,0,0.0,199,0.0001,1e-05,64,False,0.109,0.351,0.603,0.721,0.241,0.253,0.838,0.848
1670946157,xenosite.sdf,GIN,32,0.3,0,0.0,179,1e-05,0.001,8,False,0.138,0.309,0.324,0.5,0.221,0.236,0.775,0.792
1670946198,xenosite.sdf,GIN,32,0.3,0,0.0,199,1e-05,0.001,16,False,0.139,0.275,0.324,0.515,0.203,0.217,0.75,0.76
1670946223,xenosite.sdf,GIN,32,0.3,0,0.0,229,1e-05,0.001,32,False,0.107,0.241,0.353,0.515,0.174,0.179,0.856,0.724
1670946240,xenosite.sdf,GIN,32,0.3,0,0.0,289,1e-05,0.001,64,False,0.099,0.198,0.294,0.382,0.154,0.158,0.862,0.679
1670946254,xenosite.sdf,GIN,32,0.3,0,0.0,179,1e-05,0.0001,8,False,0.138,0.309,0.324,0.5,0.221,0.236,0.775,0.792
1670946296,xenosite.sdf,GIN,32,0.3,0,0.0,199,1e-05,0.0001,16,False,0.139,0.276,0.324,0.515,0.203,0.218,0.75,0.76
1670946321,xenosite.sdf,GIN,32,0.3,0,0.0,229,1e-05,0.0001,32,False,0.107,0.241,0.353,0.515,0.174,0.179,0.856,0.724
1670946338,xenosite.sdf,GIN,32,0.3,0,0.0,289,1e-05,0.0001,64,False,0.099,0.198,0.294,0.382,0.154,0.158,0.862,0.679
1670946353,xenosite.sdf,GIN,32,0.3,0,0.0,179,1e-05,1e-05,8,False,0.138,0.309,0.324,0.5,0.221,0.236,0.775,0.792
1670946395,xenosite.sdf,GIN,32,0.3,0,0.0,199,1e-05,1e-05,16,False,0.139,0.276,0.324,0.515,0.203,0.218,0.75,0.76
1670946420,xenosite.sdf,GIN,32,0.3,0,0.0,229,1e-05,1e-05,32,False,0.107,0.241,0.338,0.515,0.174,0.179,0.856,0.724
1670946437,xenosite.sdf,GIN,32,0.3,0,0.0,289,1e-05,1e-05,64,False,0.099,0.198,0.294,0.382,0.154,0.158,0.862,0.679
1670946451,xenosite.sdf,GIN,32,0.4,0,0.0,219,0.001,0.001,8,False,0.12,0.558,0.794,0.912,0.423,0.471,0.806,0.917
1670946501,xenosite.sdf,GIN,32,0.4,0,0.0,229,0.001,0.001,16,False,0.104,0.513,0.75,0.882,0.38,0.42,0.8,0.909
1670946529,xenosite.sdf,GIN,32,0.4,0,0.0,199,0.001,0.001,32,False,0.089,0.484,0.676,0.853,0.348,0.375,0.831,0.905
1670946544,xenosite.sdf,GIN,32,0.4,0,0.0,229,0.001,0.001,64,False,0.087,0.475,0.721,0.882,0.338,0.36,0.844,0.909
1670946557,xenosite.sdf,GIN,32,0.4,0,0.0,199,0.001,0.0001,8,False,0.086,0.448,0.765,0.868,0.317,0.338,0.831,0.904
1670946602,xenosite.sdf,GIN,32,0.4,0,0.0,219,0.001,0.0001,16,False,0.109,0.517,0.721,0.853,0.385,0.43,0.788,0.91
1670946629,xenosite.sdf,GIN,32,0.4,0,0.0,179,0.001,0.0001,32,False,0.124,0.482,0.676,0.838,0.349,0.38,0.812,0.904
1670946643,xenosite.sdf,GIN,32,0.4,0,0.0,229,0.001,0.0001,64,False,0.085,0.474,0.706,0.882,0.338,0.361,0.838,0.907
1670946655,xenosite.sdf,GIN,32,0.4,0,0.0,199,0.001,1e-05,8,False,0.121,0.502,0.706,0.853,0.372,0.415,0.781,0.906
1670946700,xenosite.sdf,GIN,32,0.4,0,0.0,219,0.001,1e-05,16,False,0.122,0.557,0.735,0.853,0.427,0.49,0.769,0.908
1670946728,xenosite.sdf,GIN,32,0.4,0,0.0,199,0.001,1e-05,32,False,0.083,0.472,0.691,0.897,0.334,0.355,0.85,0.907
1670946744,xenosite.sdf,GIN,32,0.4,0,0.0,229,0.001,1e-05,64,False,0.094,0.51,0.706,0.868,0.371,0.4,0.838,0.911
1670946756,xenosite.sdf,GIN,32,0.4,0,0.0,199,0.0001,0.001,8,False,0.089,0.393,0.691,0.824,0.259,0.266,0.912,0.885
1670946802,xenosite.sdf,GIN,32,0.4,0,0.0,189,0.0001,0.001,16,False,0.094,0.392,0.676,0.779,0.262,0.272,0.888,0.872
1670946825,xenosite.sdf,GIN,32,0.4,0,0.0,179,0.0001,0.001,32,False,0.119,0.389,0.603,0.735,0.271,0.288,0.819,0.858
1670946839,xenosite.sdf,GIN,32,0.4,0,0.0,199,0.0001,0.001,64,False,0.103,0.348,0.588,0.706,0.236,0.246,0.856,0.846
1670946851,xenosite.sdf,GIN,32,0.4,0,0.0,179,0.0001,0.0001,8,False,0.096,0.4,0.691,0.824,0.263,0.269,0.919,0.881
1670946892,xenosite.sdf,GIN,32,0.4,0,0.0,189,0.0001,0.0001,16,False,0.096,0.395,0.662,0.779,0.264,0.274,0.888,0.873
1670946916,xenosite.sdf,GIN,32,0.4,0,0.0,179,0.0001,0.0001,32,False,0.119,0.389,0.603,0.735,0.271,0.288,0.819,0.858
1670946930,xenosite.sdf,GIN,32,0.4,0,0.0,199,0.0001,0.0001,64,False,0.103,0.348,0.603,0.706,0.236,0.246,0.856,0.846
1670946941,xenosite.sdf,GIN,32,0.4,0,0.0,179,0.0001,1e-05,8,False,0.098,0.398,0.691,0.809,0.263,0.27,0.912,0.881
1670946981,xenosite.sdf,GIN,32,0.4,0,0.0,189,0.0001,1e-05,16,False,0.096,0.395,0.662,0.779,0.264,0.274,0.888,0.873
1670947005,xenosite.sdf,GIN,32,0.4,0,0.0,179,0.0001,1e-05,32,False,0.119,0.389,0.603,0.735,0.271,0.289,0.819,0.858
1670947019,xenosite.sdf,GIN,32,0.4,0,0.0,199,0.0001,1e-05,64,False,0.102,0.347,0.603,0.706,0.235,0.245,0.856,0.846
1670947030,xenosite.sdf,GIN,32,0.4,0,0.0,179,1e-05,0.001,8,False,0.131,0.302,0.324,0.485,0.213,0.224,0.806,0.789
1670947071,xenosite.sdf,GIN,32,0.4,0,0.0,199,1e-05,0.001,16,False,0.138,0.272,0.324,0.515,0.201,0.215,0.75,0.759
1670947096,xenosite.sdf,GIN,32,0.4,0,0.0,229,1e-05,0.001,32,False,0.108,0.25,0.324,0.5,0.177,0.182,0.869,0.724
1670947113,xenosite.sdf,GIN,32,0.4,0,0.0,289,1e-05,0.001,64,False,0.099,0.197,0.294,0.368,0.153,0.157,0.862,0.678
1670947127,xenosite.sdf,GIN,32,0.4,0,0.0,179,1e-05,0.0001,8,False,0.131,0.302,0.324,0.485,0.213,0.224,0.806,0.789
1670947168,xenosite.sdf,GIN,32,0.4,0,0.0,199,1e-05,0.0001,16,False,0.138,0.272,0.324,0.515,0.201,0.215,0.75,0.759
1670947193,xenosite.sdf,GIN,32,0.4,0,0.0,229,1e-05,0.0001,32,False,0.108,0.25,0.324,0.5,0.177,0.182,0.869,0.724
1670947210,xenosite.sdf,GIN,32,0.4,0,0.0,289,1e-05,0.0001,64,False,0.099,0.198,0.294,0.368,0.154,0.158,0.862,0.678
1670947224,xenosite.sdf,GIN,32,0.4,0,0.0,179,1e-05,1e-05,8,False,0.131,0.302,0.324,0.485,0.213,0.224,0.806,0.789
1670947264,xenosite.sdf,GIN,32,0.4,0,0.0,199,1e-05,1e-05,16,False,0.138,0.272,0.324,0.515,0.201,0.215,0.75,0.759
1670947289,xenosite.sdf,GIN,32,0.4,0,0.0,229,1e-05,1e-05,32,False,0.108,0.251,0.324,0.515,0.177,0.182,0.869,0.724
1670947307,xenosite.sdf,GIN,32,0.4,0,0.0,289,1e-05,1e-05,64,False,0.099,0.198,0.294,0.368,0.154,0.158,0.862,0.678
1670947321,xenosite.sdf,GIN,64,0.1,0,0.0,199,0.001,0.001,8,False,0.032,0.509,0.735,0.824,0.365,0.388,0.862,0.914
1670947365,xenosite.sdf,GIN,64,0.1,0,0.0,169,0.001,0.001,16,False,0.105,0.524,0.735,0.809,0.382,0.41,0.85,0.917
1670947386,xenosite.sdf,GIN,64,0.1,0,0.0,249,0.001,0.001,32,False,0.134,0.532,0.721,0.794,0.402,0.457,0.769,0.899
1670947404,xenosite.sdf,GIN,64,0.1,0,0.0,199,0.001,0.001,64,False,0.098,0.504,0.75,0.838,0.371,0.407,0.806,0.905
1670947415,xenosite.sdf,GIN,64,0.1,0,0.0,209,0.001,0.0001,8,False,0.113,0.529,0.75,0.809,0.393,0.432,0.812,0.902
1670947462,xenosite.sdf,GIN,64,0.1,0,0.0,189,0.001,0.0001,16,False,0.051,0.486,0.75,0.824,0.349,0.374,0.838,0.902
1670947485,xenosite.sdf,GIN,64,0.1,0,0.0,239,0.001,0.0001,32,False,0.108,0.541,0.75,0.838,0.406,0.449,0.806,0.906
1670947503,xenosite.sdf,GIN,64,0.1,0,0.0,209,0.001,0.0001,64,False,0.098,0.534,0.735,0.794,0.397,0.435,0.819,0.909
1670947514,xenosite.sdf,GIN,64,0.1,0,0.0,199,0.001,1e-05,8,False,0.064,0.539,0.735,0.765,0.401,0.439,0.825,0.903
1670947559,xenosite.sdf,GIN,64,0.1,0,0.0,159,0.001,1e-05,16,False,0.106,0.52,0.721,0.809,0.39,0.44,0.775,0.902
1670947579,xenosite.sdf,GIN,64,0.1,0,0.0,199,0.001,1e-05,32,False,0.098,0.586,0.735,0.824,0.448,0.493,0.831,0.915
1670947594,xenosite.sdf,GIN,64,0.1,0,0.0,209,0.001,1e-05,64,False,0.097,0.532,0.721,0.809,0.398,0.441,0.8,0.91
1670947605,xenosite.sdf,GIN,64,0.1,0,0.0,209,0.0001,0.001,8,False,0.109,0.459,0.721,0.838,0.322,0.34,0.856,0.901
1670947652,xenosite.sdf,GIN,64,0.1,0,0.0,229,0.0001,0.001,16,False,0.13,0.46,0.721,0.838,0.331,0.359,0.806,0.892
1670947680,xenosite.sdf,GIN,64,0.1,0,0.0,229,0.0001,0.001,32,False,0.125,0.435,0.691,0.809,0.311,0.339,0.794,0.879
1670947697,xenosite.sdf,GIN,64,0.1,0,0.0,219,0.0001,0.001,64,False,0.14,0.417,0.676,0.779,0.3,0.328,0.775,0.865
1670947708,xenosite.sdf,GIN,64,0.1,0,0.0,209,0.0001,0.0001,8,False,0.155,0.516,0.721,0.824,0.386,0.433,0.781,0.902
1670947755,xenosite.sdf,GIN,64,0.1,0,0.0,229,0.0001,0.0001,16,False,0.135,0.459,0.706,0.824,0.332,0.363,0.794,0.89
1670947783,xenosite.sdf,GIN,64,0.1,0,0.0,229,0.0001,0.0001,32,False,0.124,0.434,0.676,0.794,0.311,0.338,0.794,0.879
1670947800,xenosite.sdf,GIN,64,0.1,0,0.0,219,0.0001,0.0001,64,False,0.14,0.416,0.676,0.779,0.298,0.326,0.775,0.865
1670947811,xenosite.sdf,GIN,64,0.1,0,0.0,209,0.0001,1e-05,8,False,0.159,0.522,0.735,0.853,0.392,0.443,0.775,0.902
1670947857,xenosite.sdf,GIN,64,0.1,0,0.0,229,0.0001,1e-05,16,False,0.135,0.463,0.706,0.838,0.334,0.365,0.8,0.891
1670947885,xenosite.sdf,GIN,64,0.1,0,0.0,229,0.0001,1e-05,32,False,0.122,0.433,0.691,0.809,0.308,0.334,0.8,0.88
1670947902,xenosite.sdf,GIN,64,0.1,0,0.0,219,0.0001,1e-05,64,False,0.145,0.416,0.676,0.779,0.3,0.332,0.762,0.865
1670947913,xenosite.sdf,GIN,64,0.1,0,0.0,169,1e-05,0.001,8,False,0.105,0.298,0.382,0.559,0.206,0.214,0.844,0.808
1670947952,xenosite.sdf,GIN,64,0.1,0,0.0,209,1e-05,0.001,16,False,0.107,0.28,0.338,0.544,0.195,0.203,0.844,0.795
1670947978,xenosite.sdf,GIN,64,0.1,0,0.0,209,1e-05,0.001,32,False,0.108,0.255,0.324,0.5,0.184,0.191,0.825,0.752
1670947994,xenosite.sdf,GIN,64,0.1,0,0.0,239,1e-05,0.001,64,False,0.106,0.247,0.338,0.5,0.175,0.18,0.869,0.718
1670948006,xenosite.sdf,GIN,64,0.1,0,0.0,169,1e-05,0.0001,8,False,0.105,0.298,0.382,0.574,0.206,0.214,0.844,0.808
1670948044,xenosite.sdf,GIN,64,0.1,0,0.0,209,1e-05,0.0001,16,False,0.128,0.284,0.353,0.544,0.208,0.223,0.75,0.795
1670948069,xenosite.sdf,GIN,64,0.1,0,0.0,209,1e-05,0.0001,32,False,0.108,0.255,0.324,0.5,0.184,0.191,0.825,0.752
1670948085,xenosite.sdf,GIN,64,0.1,0,0.0,239,1e-05,0.0001,64,False,0.106,0.247,0.338,0.5,0.175,0.18,0.869,0.718
1670948097,xenosite.sdf,GIN,64,0.1,0,0.0,169,1e-05,1e-05,8,False,0.105,0.298,0.382,0.574,0.206,0.214,0.844,0.808
1670948136,xenosite.sdf,GIN,64,0.1,0,0.0,209,1e-05,1e-05,16,False,0.128,0.284,0.353,0.544,0.208,0.223,0.75,0.796
1670948161,xenosite.sdf,GIN,64,0.1,0,0.0,209,1e-05,1e-05,32,False,0.108,0.255,0.324,0.5,0.184,0.191,0.825,0.752
1670948177,xenosite.sdf,GIN,64,0.1,0,0.0,239,1e-05,1e-05,64,False,0.106,0.247,0.338,0.5,0.175,0.18,0.869,0.718
1670948189,xenosite.sdf,GIN,64,0.2,0,0.0,219,0.001,0.001,8,False,0.062,0.512,0.735,0.824,0.372,0.399,0.844,0.906
1670948237,xenosite.sdf,GIN,64,0.2,0,0.0,189,0.001,0.001,16,False,0.139,0.573,0.706,0.838,0.441,0.5,0.788,0.913
1670948261,xenosite.sdf,GIN,64,0.2,0,0.0,219,0.001,0.001,32,False,0.123,0.54,0.75,0.809,0.403,0.443,0.819,0.912
1670948277,xenosite.sdf,GIN,64,0.2,0,0.0,189,0.001,0.001,64,False,0.1,0.512,0.75,0.853,0.374,0.404,0.831,0.908
1670948287,xenosite.sdf,GIN,64,0.2,0,0.0,219,0.001,0.0001,8,False,0.047,0.506,0.691,0.824,0.366,0.392,0.844,0.907
1670948335,xenosite.sdf,GIN,64,0.2,0,0.0,199,0.001,0.0001,16,False,0.11,0.563,0.765,0.853,0.426,0.473,0.812,0.908
1670948360,xenosite.sdf,GIN,64,0.2,0,0.0,209,0.001,0.0001,32,False,0.093,0.542,0.721,0.779,0.403,0.439,0.831,0.909
1670948376,xenosite.sdf,GIN,64,0.2,0,0.0,189,0.001,0.0001,64,False,0.1,0.501,0.765,0.838,0.356,0.377,0.869,0.906
1670948386,xenosite.sdf,GIN,64,0.2,0,0.0,169,0.001,1e-05,8,False,0.17,0.537,0.75,0.824,0.407,0.464,0.769,0.905
1670948424,xenosite.sdf,GIN,64,0.2,0,0.0,159,0.001,1e-05,16,False,0.126,0.522,0.735,0.838,0.39,0.433,0.794,0.909
1670948444,xenosite.sdf,GIN,64,0.2,0,0.0,189,0.001,1e-05,32,False,0.085,0.495,0.721,0.809,0.352,0.373,0.862,0.907
1670948458,xenosite.sdf,GIN,64,0.2,0,0.0,209,0.001,1e-05,64,False,0.051,0.493,0.706,0.838,0.346,0.362,0.888,0.914
1670948469,xenosite.sdf,GIN,64,0.2,0,0.0,229,0.0001,0.001,8,False,0.104,0.471,0.75,0.838,0.335,0.358,0.838,0.904
1670948520,xenosite.sdf,GIN,64,0.2,0,0.0,229,0.0001,0.001,16,False,0.11,0.433,0.706,0.824,0.302,0.32,0.844,0.888
1670948548,xenosite.sdf,GIN,64,0.2,0,0.0,229,0.0001,0.001,32,False,0.117,0.427,0.691,0.809,0.304,0.329,0.8,0.878
1670948565,xenosite.sdf,GIN,64,0.2,0,0.0,219,0.0001,0.001,64,False,0.141,0.414,0.676,0.765,0.297,0.325,0.775,0.865
1670948576,xenosite.sdf,GIN,64,0.2,0,0.0,229,0.0001,0.0001,8,False,0.101,0.458,0.75,0.853,0.322,0.341,0.85,0.903
1670948626,xenosite.sdf,GIN,64,0.2,0,0.0,229,0.0001,0.0001,16,False,0.11,0.428,0.706,0.824,0.297,0.313,0.85,0.888
1670948654,xenosite.sdf,GIN,64,0.2,0,0.0,229,0.0001,0.0001,32,False,0.118,0.428,0.691,0.809,0.305,0.33,0.8,0.878
1670948670,xenosite.sdf,GIN,64,0.2,0,0.0,219,0.0001,0.0001,64,False,0.141,0.414,0.676,0.765,0.297,0.325,0.775,0.865
1670948682,xenosite.sdf,GIN,64,0.2,0,0.0,229,0.0001,1e-05,8,False,0.104,0.458,0.75,0.868,0.323,0.344,0.844,0.904
1670948732,xenosite.sdf,GIN,64,0.2,0,0.0,229,0.0001,1e-05,16,False,0.111,0.424,0.706,0.809,0.296,0.314,0.838,0.888
1670948760,xenosite.sdf,GIN,64,0.2,0,0.0,229,0.0001,1e-05,32,False,0.123,0.434,0.691,0.809,0.311,0.338,0.794,0.878
1670948777,xenosite.sdf,GIN,64,0.2,0,0.0,219,0.0001,1e-05,64,False,0.138,0.414,0.676,0.765,0.296,0.323,0.781,0.865
1670948789,xenosite.sdf,GIN,64,0.2,0,0.0,169,1e-05,0.001,8,False,0.1,0.292,0.382,0.559,0.2,0.207,0.862,0.806
1670948827,xenosite.sdf,GIN,64,0.2,0,0.0,209,1e-05,0.001,16,False,0.127,0.291,0.338,0.529,0.21,0.224,0.769,0.794
1670948853,xenosite.sdf,GIN,64,0.2,0,0.0,209,1e-05,0.001,32,False,0.107,0.254,0.324,0.5,0.183,0.19,0.825,0.752
1670948869,xenosite.sdf,GIN,64,0.2,0,0.0,239,1e-05,0.001,64,False,0.106,0.246,0.338,0.5,0.175,0.18,0.869,0.718
1670948881,xenosite.sdf,GIN,64,0.2,0,0.0,169,1e-05,0.0001,8,False,0.1,0.294,0.382,0.559,0.201,0.208,0.862,0.806
1670948919,xenosite.sdf,GIN,64,0.2,0,0.0,209,1e-05,0.0001,16,False,0.127,0.291,0.353,0.529,0.21,0.224,0.769,0.794
1670948944,xenosite.sdf,GIN,64,0.2,0,0.0,209,1e-05,0.0001,32,False,0.107,0.254,0.324,0.5,0.183,0.19,0.825,0.752
1670948960,xenosite.sdf,GIN,64,0.2,0,0.0,239,1e-05,0.0001,64,False,0.106,0.246,0.338,0.5,0.175,0.18,0.869,0.718
1670948972,xenosite.sdf,GIN,64,0.2,0,0.0,169,1e-05,1e-05,8,False,0.1,0.294,0.382,0.559,0.201,0.208,0.862,0.807
1670949011,xenosite.sdf,GIN,64,0.2,0,0.0,209,1e-05,1e-05,16,False,0.126,0.291,0.353,0.529,0.21,0.224,0.769,0.794
1670949036,xenosite.sdf,GIN,64,0.2,0,0.0,209,1e-05,1e-05,32,False,0.107,0.254,0.324,0.5,0.183,0.19,0.825,0.752
1670949051,xenosite.sdf,GIN,64,0.2,0,0.0,239,1e-05,1e-05,64,False,0.106,0.246,0.338,0.485,0.175,0.18,0.869,0.718
1670949063,xenosite.sdf,GIN,64,0.3,0,0.0,199,0.001,0.001,8,False,0.069,0.5,0.765,0.809,0.361,0.388,0.838,0.912
1670949108,xenosite.sdf,GIN,64,0.3,0,0.0,189,0.001,0.001,16,False,0.169,0.575,0.735,0.824,0.447,0.529,0.744,0.91
1670949131,xenosite.sdf,GIN,64,0.3,0,0.0,179,0.001,0.001,32,False,0.197,0.546,0.706,0.809,0.416,0.475,0.769,0.903
1670949145,xenosite.sdf,GIN,64,0.3,0,0.0,199,0.001,0.001,64,False,0.065,0.471,0.721,0.824,0.331,0.349,0.862,0.907
1670949156,xenosite.sdf,GIN,64,0.3,0,0.0,159,0.001,0.0001,8,False,0.086,0.559,0.706,0.809,0.42,0.459,0.831,0.919
1670949193,xenosite.sdf,GIN,64,0.3,0,0.0,199,0.001,0.0001,16,False,0.055,0.489,0.735,0.853,0.342,0.358,0.888,0.915
1670949218,xenosite.sdf,GIN,64,0.3,0,0.0,199,0.001,0.0001,32,False,0.084,0.51,0.706,0.824,0.375,0.41,0.812,0.906
1670949233,xenosite.sdf,GIN,64,0.3,0,0.0,199,0.001,0.0001,64,False,0.08,0.466,0.721,0.809,0.326,0.342,0.869,0.905
1670949244,xenosite.sdf,GIN,64,0.3,0,0.0,179,0.001,1e-05,8,False,0.1,0.56,0.721,0.809,0.425,0.476,0.8,0.909
1670949284,xenosite.sdf,GIN,64,0.3,0,0.0,199,0.001,1e-05,16,False,0.122,0.573,0.735,0.838,0.439,0.496,0.794,0.918
1670949309,xenosite.sdf,GIN,64,0.3,0,0.0,179,0.001,1e-05,32,False,0.158,0.507,0.691,0.809,0.37,0.401,0.825,0.905
1670949323,xenosite.sdf,GIN,64,0.3,0,0.0,199,0.001,1e-05,64,False,0.063,0.448,0.721,0.824,0.312,0.329,0.856,0.898
1670949333,xenosite.sdf,GIN,64,0.3,0,0.0,229,0.0001,0.001,8,False,0.1,0.456,0.735,0.838,0.322,0.344,0.838,0.899
1670949383,xenosite.sdf,GIN,64,0.3,0,0.0,229,0.0001,0.001,16,False,0.101,0.413,0.706,0.824,0.284,0.298,0.856,0.887
1670949411,xenosite.sdf,GIN,64,0.3,0,0.0,229,0.0001,0.001,32,False,0.122,0.42,0.691,0.809,0.3,0.326,0.788,0.875
1670949428,xenosite.sdf,GIN,64,0.3,0,0.0,219,0.0001,0.001,64,False,0.137,0.405,0.676,0.765,0.291,0.319,0.769,0.863
1670949440,xenosite.sdf,GIN,64,0.3,0,0.0,229,0.0001,0.0001,8,False,0.11,0.474,0.735,0.853,0.34,0.367,0.825,0.899
1670949490,xenosite.sdf,GIN,64,0.3,0,0.0,229,0.0001,0.0001,16,False,0.099,0.409,0.706,0.824,0.281,0.295,0.856,0.887
1670949518,xenosite.sdf,GIN,64,0.3,0,0.0,209,0.0001,0.0001,32,False,0.128,0.405,0.691,0.824,0.288,0.312,0.788,0.873
1670949534,xenosite.sdf,GIN,64,0.3,0,0.0,219,0.0001,0.0001,64,False,0.136,0.406,0.676,0.779,0.291,0.319,0.769,0.864
1670949545,xenosite.sdf,GIN,64,0.3,0,0.0,229,0.0001,1e-05,8,False,0.117,0.488,0.735,0.838,0.354,0.386,0.812,0.899
1670949594,xenosite.sdf,GIN,64,0.3,0,0.0,229,0.0001,1e-05,16,False,0.114,0.432,0.706,0.824,0.304,0.325,0.825,0.887
1670949621,xenosite.sdf,GIN,64,0.3,0,0.0,209,0.0001,1e-05,32,False,0.139,0.421,0.691,0.824,0.304,0.336,0.762,0.873
1670949637,xenosite.sdf,GIN,64,0.3,0,0.0,219,0.0001,1e-05,64,False,0.142,0.41,0.676,0.765,0.296,0.327,0.756,0.864
1670949648,xenosite.sdf,GIN,64,0.3,0,0.0,169,1e-05,0.001,8,False,0.101,0.291,0.382,0.559,0.2,0.206,0.862,0.804
1670949686,xenosite.sdf,GIN,64,0.3,0,0.0,209,1e-05,0.001,16,False,0.116,0.283,0.338,0.529,0.201,0.211,0.806,0.792
1670949712,xenosite.sdf,GIN,64,0.3,0,0.0,209,1e-05,0.001,32,False,0.107,0.253,0.324,0.5,0.183,0.19,0.825,0.751
1670949727,xenosite.sdf,GIN,64,0.3,0,0.0,239,1e-05,0.001,64,False,0.106,0.245,0.338,0.5,0.174,0.179,0.869,0.717
1670949740,xenosite.sdf,GIN,64,0.3,0,0.0,169,1e-05,0.0001,8,False,0.101,0.293,0.382,0.559,0.201,0.208,0.862,0.805
1670949777,xenosite.sdf,GIN,64,0.3,0,0.0,209,1e-05,0.0001,16,False,0.117,0.283,0.338,0.529,0.202,0.213,0.8,0.792
1670949803,xenosite.sdf,GIN,64,0.3,0,0.0,209,1e-05,0.0001,32,False,0.107,0.253,0.324,0.5,0.183,0.19,0.825,0.751
1670949818,xenosite.sdf,GIN,64,0.3,0,0.0,239,1e-05,0.0001,64,False,0.106,0.245,0.338,0.5,0.174,0.179,0.869,0.717
1670949830,xenosite.sdf,GIN,64,0.3,0,0.0,169,1e-05,1e-05,8,False,0.101,0.293,0.382,0.559,0.201,0.208,0.862,0.805
1670949869,xenosite.sdf,GIN,64,0.3,0,0.0,209,1e-05,1e-05,16,False,0.117,0.283,0.338,0.529,0.202,0.213,0.8,0.792
1670949895,xenosite.sdf,GIN,64,0.3,0,0.0,209,1e-05,1e-05,32,False,0.107,0.253,0.324,0.5,0.183,0.19,0.825,0.751
1670949910,xenosite.sdf,GIN,64,0.3,0,0.0,239,1e-05,1e-05,64,False,0.106,0.245,0.338,0.5,0.174,0.179,0.869,0.717
1670949922,xenosite.sdf,GIN,64,0.4,0,0.0,189,0.001,0.001,8,False,0.109,0.542,0.706,0.824,0.4,0.43,0.85,0.916
1670949965,xenosite.sdf,GIN,64,0.4,0,0.0,169,0.001,0.001,16,False,0.091,0.507,0.75,0.809,0.368,0.396,0.838,0.912
1670949986,xenosite.sdf,GIN,64,0.4,0,0.0,239,0.001,0.001,32,False,0.103,0.577,0.706,0.794,0.444,0.502,0.794,0.908
1670950003,xenosite.sdf,GIN,64,0.4,0,0.0,199,0.001,0.001,64,False,0.08,0.448,0.721,0.824,0.313,0.332,0.85,0.894
1670950014,xenosite.sdf,GIN,64,0.4,0,0.0,219,0.001,0.0001,8,False,0.051,0.488,0.735,0.824,0.347,0.368,0.856,0.911
1670950062,xenosite.sdf,GIN,64,0.4,0,0.0,199,0.001,0.0001,16,False,0.096,0.544,0.721,0.809,0.408,0.453,0.806,0.912
1670950086,xenosite.sdf,GIN,64,0.4,0,0.0,189,0.001,0.0001,32,False,0.087,0.516,0.721,0.824,0.376,0.406,0.838,0.907
1670950100,xenosite.sdf,GIN,64,0.4,0,0.0,199,0.001,0.0001,64,False,0.09,0.443,0.706,0.794,0.312,0.333,0.831,0.893
1670950111,xenosite.sdf,GIN,64,0.4,0,0.0,219,0.001,1e-05,8,False,0.11,0.543,0.721,0.809,0.413,0.471,0.769,0.906
1670950159,xenosite.sdf,GIN,64,0.4,0,0.0,189,0.001,1e-05,16,False,0.149,0.521,0.721,0.824,0.386,0.423,0.812,0.908
1670950182,xenosite.sdf,GIN,64,0.4,0,0.0,219,0.001,1e-05,32,False,0.089,0.489,0.691,0.779,0.353,0.38,0.831,0.903
1670950198,xenosite.sdf,GIN,64,0.4,0,0.0,209,0.001,1e-05,64,False,0.08,0.46,0.706,0.794,0.319,0.334,0.875,0.901
1670950210,xenosite.sdf,GIN,64,0.4,0,0.0,229,0.0001,0.001,8,False,0.099,0.452,0.721,0.838,0.318,0.338,0.844,0.893
1670950259,xenosite.sdf,GIN,64,0.4,0,0.0,229,0.0001,0.001,16,False,0.108,0.424,0.676,0.838,0.298,0.32,0.819,0.884
1670950286,xenosite.sdf,GIN,64,0.4,0,0.0,229,0.0001,0.001,32,False,0.109,0.39,0.676,0.809,0.273,0.291,0.812,0.873
1670950303,xenosite.sdf,GIN,64,0.4,0,0.0,219,0.0001,0.001,64,False,0.133,0.395,0.632,0.765,0.281,0.305,0.781,0.862
1670950315,xenosite.sdf,GIN,64,0.4,0,0.0,229,0.0001,0.0001,8,False,0.104,0.465,0.735,0.824,0.33,0.353,0.838,0.895
1670950364,xenosite.sdf,GIN,64,0.4,0,0.0,229,0.0001,0.0001,16,False,0.107,0.423,0.691,0.838,0.298,0.319,0.819,0.884
1670950392,xenosite.sdf,GIN,64,0.4,0,0.0,229,0.0001,0.0001,32,False,0.109,0.388,0.676,0.809,0.271,0.29,0.812,0.874
1670950409,xenosite.sdf,GIN,64,0.4,0,0.0,219,0.0001,0.0001,64,False,0.14,0.405,0.632,0.765,0.292,0.323,0.756,0.862
1670950420,xenosite.sdf,GIN,64,0.4,0,0.0,229,0.0001,1e-05,8,False,0.104,0.459,0.735,0.824,0.324,0.346,0.838,0.894
1670950470,xenosite.sdf,GIN,64,0.4,0,0.0,229,0.0001,1e-05,16,False,0.106,0.413,0.691,0.838,0.29,0.31,0.819,0.884
1670950498,xenosite.sdf,GIN,64,0.4,0,0.0,229,0.0001,1e-05,32,False,0.109,0.388,0.676,0.838,0.271,0.289,0.812,0.874
1670950515,xenosite.sdf,GIN,64,0.4,0,0.0,219,0.0001,1e-05,64,False,0.143,0.413,0.647,0.765,0.299,0.332,0.75,0.862
1670950526,xenosite.sdf,GIN,64,0.4,0,0.0,169,1e-05,0.001,8,False,0.1,0.291,0.382,0.559,0.199,0.205,0.869,0.802
1670950565,xenosite.sdf,GIN,64,0.4,0,0.0,209,1e-05,0.001,16,False,0.118,0.281,0.324,0.529,0.201,0.212,0.8,0.789
1670950590,xenosite.sdf,GIN,64,0.4,0,0.0,209,1e-05,0.001,32,False,0.107,0.252,0.324,0.5,0.182,0.19,0.825,0.75
1670950606,xenosite.sdf,GIN,64,0.4,0,0.0,239,1e-05,0.001,64,False,0.106,0.245,0.338,0.5,0.174,0.179,0.869,0.717
1670950618,xenosite.sdf,GIN,64,0.4,0,0.0,169,1e-05,0.0001,8,False,0.1,0.292,0.382,0.559,0.199,0.205,0.869,0.803
1670950656,xenosite.sdf,GIN,64,0.4,0,0.0,209,1e-05,0.0001,16,False,0.118,0.281,0.324,0.529,0.201,0.212,0.8,0.789
1670950682,xenosite.sdf,GIN,64,0.4,0,0.0,209,1e-05,0.0001,32,False,0.107,0.252,0.324,0.5,0.182,0.19,0.825,0.75
1670950697,xenosite.sdf,GIN,64,0.4,0,0.0,239,1e-05,0.0001,64,False,0.106,0.245,0.338,0.5,0.174,0.179,0.869,0.717
1670950710,xenosite.sdf,GIN,64,0.4,0,0.0,169,1e-05,1e-05,8,False,0.1,0.292,0.382,0.559,0.199,0.205,0.869,0.803
1670950748,xenosite.sdf,GIN,64,0.4,0,0.0,209,1e-05,1e-05,16,False,0.118,0.281,0.324,0.529,0.201,0.212,0.8,0.789
1670950773,xenosite.sdf,GIN,64,0.4,0,0.0,209,1e-05,1e-05,32,False,0.107,0.252,0.324,0.5,0.182,0.19,0.825,0.75
1670950789,xenosite.sdf,GIN,64,0.4,0,0.0,239,1e-05,1e-05,64,False,0.106,0.245,0.338,0.5,0.174,0.179,0.869,0.717
1671017406,xenosite.sdf,GIN,8,0.1,0,0.0,229,0.01,0.001,8,False,0.08,0.483,0.721,0.838,0.335,0.348,0.9,0.92
1671017456,xenosite.sdf,GIN,8,0.1,0,0.0,199,0.01,0.001,16,False,0.136,0.481,0.765,0.853,0.356,0.4,0.762,0.888
1671017481,xenosite.sdf,GIN,8,0.1,0,0.0,209,0.01,0.001,32,False,0.077,0.452,0.676,0.765,0.316,0.333,0.856,0.902
1671017497,xenosite.sdf,GIN,8,0.1,0,0.0,179,0.01,0.001,64,False,0.121,0.474,0.647,0.853,0.343,0.374,0.806,0.906
1671017507,xenosite.sdf,GIN,8,0.1,0,0.0,179,0.01,0.0001,8,False,0.091,0.482,0.721,0.824,0.348,0.378,0.819,0.91
1671017547,xenosite.sdf,GIN,8,0.1,0,0.0,209,0.01,0.0001,16,False,0.086,0.463,0.75,0.853,0.325,0.344,0.856,0.902
1671017572,xenosite.sdf,GIN,8,0.1,0,0.0,229,0.01,0.0001,32,False,0.068,0.436,0.647,0.779,0.308,0.329,0.825,0.885
1671017589,xenosite.sdf,GIN,8,0.1,0,0.0,189,0.01,0.0001,64,False,0.08,0.467,0.676,0.779,0.326,0.341,0.875,0.904
1671017599,xenosite.sdf,GIN,8,0.1,0,0.0,159,0.01,1e-05,8,False,0.101,0.47,0.721,0.838,0.331,0.35,0.856,0.906
1671017636,xenosite.sdf,GIN,8,0.1,0,0.0,179,0.01,1e-05,16,False,0.136,0.524,0.721,0.809,0.39,0.43,0.806,0.907
1671017658,xenosite.sdf,GIN,8,0.1,0,0.0,159,0.01,1e-05,32,False,0.077,0.403,0.794,0.882,0.274,0.285,0.869,0.886
1671017671,xenosite.sdf,GIN,8,0.1,0,0.0,159,0.01,1e-05,64,False,0.093,0.456,0.735,0.838,0.324,0.346,0.831,0.91
1671017680,xenosite.sdf,GIN,8,0.2,0,0.0,219,0.01,0.001,8,False,0.109,0.491,0.691,0.824,0.357,0.389,0.812,0.911
1671017729,xenosite.sdf,GIN,8,0.2,0,0.0,209,0.01,0.001,16,False,0.086,0.452,0.765,0.912,0.305,0.315,0.912,0.923
1671017754,xenosite.sdf,GIN,8,0.2,0,0.0,179,0.01,0.001,32,False,0.07,0.415,0.662,0.779,0.283,0.296,0.869,0.894
1671017768,xenosite.sdf,GIN,8,0.2,0,0.0,189,0.01,0.001,64,False,0.132,0.478,0.676,0.809,0.347,0.378,0.806,0.899
1671017778,xenosite.sdf,GIN,8,0.2,0,0.0,189,0.01,0.0001,8,False,0.123,0.465,0.721,0.853,0.33,0.353,0.838,0.904
1671017820,xenosite.sdf,GIN,8,0.2,0,0.0,179,0.01,0.0001,16,False,0.137,0.514,0.735,0.824,0.394,0.476,0.694,0.885
1671017842,xenosite.sdf,GIN,8,0.2,0,0.0,179,0.01,0.0001,32,False,0.083,0.394,0.735,0.853,0.258,0.263,0.925,0.893
1671017855,xenosite.sdf,GIN,8,0.2,0,0.0,169,0.01,0.0001,64,False,0.075,0.447,0.691,0.824,0.313,0.331,0.85,0.89
1671017865,xenosite.sdf,GIN,8,0.2,0,0.0,199,0.01,1e-05,8,False,0.126,0.464,0.676,0.794,0.336,0.368,0.794,0.895
1671017908,xenosite.sdf,GIN,8,0.2,0,0.0,179,0.01,1e-05,16,False,0.129,0.488,0.75,0.868,0.347,0.368,0.856,0.912
1671017930,xenosite.sdf,GIN,8,0.2,0,0.0,199,0.01,1e-05,32,False,0.128,0.486,0.647,0.809,0.352,0.382,0.819,0.905
1671017945,xenosite.sdf,GIN,8,0.2,0,0.0,199,0.01,1e-05,64,False,0.096,0.439,0.706,0.853,0.303,0.317,0.869,0.897
1671017956,xenosite.sdf,GIN,8,0.3,0,0.0,179,0.01,0.001,8,False,0.118,0.492,0.691,0.838,0.357,0.388,0.819,0.9
1671017996,xenosite.sdf,GIN,8,0.3,0,0.0,189,0.01,0.001,16,False,0.14,0.458,0.75,0.912,0.331,0.362,0.794,0.897
1671018020,xenosite.sdf,GIN,8,0.3,0,0.0,199,0.01,0.001,32,False,0.088,0.437,0.735,0.824,0.303,0.319,0.856,0.901
1671018035,xenosite.sdf,GIN,8,0.3,0,0.0,159,0.01,0.001,64,False,0.138,0.446,0.676,0.779,0.311,0.329,0.85,0.897
1671018045,xenosite.sdf,GIN,8,0.3,0,0.0,169,0.01,0.0001,8,False,0.052,0.384,0.676,0.794,0.25,0.256,0.925,0.886
1671018083,xenosite.sdf,GIN,8,0.3,0,0.0,199,0.01,0.0001,16,False,0.106,0.418,0.676,0.824,0.281,0.291,0.894,0.893
1671018108,xenosite.sdf,GIN,8,0.3,0,0.0,159,0.01,0.0001,32,False,0.083,0.438,0.691,0.853,0.313,0.34,0.8,0.896
1671018120,xenosite.sdf,GIN,8,0.3,0,0.0,189,0.01,0.0001,64,False,0.126,0.481,0.691,0.838,0.351,0.384,0.8,0.898
1671018130,xenosite.sdf,GIN,8,0.3,0,0.0,179,0.01,1e-05,8,False,0.079,0.423,0.75,0.882,0.29,0.303,0.869,0.898
1671018171,xenosite.sdf,GIN,8,0.3,0,0.0,209,0.01,1e-05,16,False,0.08,0.467,0.676,0.779,0.331,0.352,0.844,0.899
1671018196,xenosite.sdf,GIN,8,0.3,0,0.0,209,0.01,1e-05,32,False,0.092,0.45,0.676,0.765,0.314,0.331,0.856,0.897
1671018212,xenosite.sdf,GIN,8,0.3,0,0.0,249,0.01,1e-05,64,False,0.086,0.437,0.721,0.838,0.309,0.332,0.819,0.888
1671018224,xenosite.sdf,GIN,8,0.4,0,0.0,169,0.01,0.001,8,False,0.071,0.411,0.676,0.779,0.27,0.276,0.925,0.897
1671018262,xenosite.sdf,GIN,8,0.4,0,0.0,209,0.01,0.001,16,False,0.065,0.435,0.647,0.75,0.306,0.328,0.825,0.884
1671018288,xenosite.sdf,GIN,8,0.4,0,0.0,199,0.01,0.001,32,False,0.08,0.397,0.676,0.809,0.273,0.286,0.85,0.89
1671018303,xenosite.sdf,GIN,8,0.4,0,0.0,189,0.01,0.001,64,False,0.069,0.454,0.691,0.838,0.312,0.325,0.888,0.906
1671018313,xenosite.sdf,GIN,8,0.4,0,0.0,189,0.01,0.0001,8,False,0.127,0.459,0.676,0.809,0.334,0.37,0.775,0.896
1671018355,xenosite.sdf,GIN,8,0.4,0,0.0,179,0.01,0.0001,16,False,0.115,0.439,0.691,0.794,0.312,0.336,0.812,0.895
1671018378,xenosite.sdf,GIN,8,0.4,0,0.0,139,0.01,0.0001,32,False,0.106,0.44,0.691,0.838,0.309,0.33,0.831,0.894
1671018389,xenosite.sdf,GIN,8,0.4,0,0.0,199,0.01,0.0001,64,False,0.116,0.463,0.632,0.75,0.344,0.394,0.731,0.888
1671018400,xenosite.sdf,GIN,8,0.4,0,0.0,239,0.01,1e-05,8,False,0.122,0.407,0.676,0.809,0.267,0.273,0.925,0.889
1671018451,xenosite.sdf,GIN,8,0.4,0,0.0,189,0.01,1e-05,16,False,0.101,0.424,0.706,0.794,0.29,0.303,0.869,0.889
1671018475,xenosite.sdf,GIN,8,0.4,0,0.0,219,0.01,1e-05,32,False,0.104,0.476,0.691,0.882,0.348,0.386,0.781,0.902
1671018491,xenosite.sdf,GIN,8,0.4,0,0.0,209,0.01,1e-05,64,False,0.082,0.44,0.691,0.853,0.306,0.322,0.856,0.901
1671018502,xenosite.sdf,GIN,16,0.1,0,0.0,189,0.01,0.001,8,False,0.103,0.472,0.75,0.853,0.334,0.355,0.85,0.901
1671018543,xenosite.sdf,GIN,16,0.1,0,0.0,229,0.01,0.001,16,False,0.105,0.495,0.735,0.897,0.357,0.384,0.838,0.914
1671018571,xenosite.sdf,GIN,16,0.1,0,0.0,199,0.01,0.001,32,False,0.096,0.511,0.75,0.853,0.372,0.401,0.838,0.926
1671018586,xenosite.sdf,GIN,16,0.1,0,0.0,189,0.01,0.001,64,False,0.036,0.461,0.706,0.824,0.323,0.342,0.856,0.911
1671018596,xenosite.sdf,GIN,16,0.1,0,0.0,159,0.01,0.0001,8,False,0.168,0.568,0.706,0.824,0.437,0.5,0.775,0.916
1671018633,xenosite.sdf,GIN,16,0.1,0,0.0,199,0.01,0.0001,16,False,0.113,0.519,0.779,0.868,0.38,0.41,0.838,0.912
1671018657,xenosite.sdf,GIN,16,0.1,0,0.0,199,0.01,0.0001,32,False,0.072,0.467,0.735,0.853,0.316,0.325,0.925,0.921
1671018672,xenosite.sdf,GIN,16,0.1,0,0.0,169,0.01,0.0001,64,False,0.121,0.543,0.676,0.794,0.412,0.468,0.775,0.913
1671018682,xenosite.sdf,GIN,16,0.1,0,0.0,169,0.01,1e-05,8,False,0.027,0.41,0.735,0.809,0.291,0.314,0.794,0.88
1671018721,xenosite.sdf,GIN,16,0.1,0,0.0,209,0.01,1e-05,16,False,0.102,0.529,0.75,0.882,0.384,0.409,0.862,0.926
1671018746,xenosite.sdf,GIN,16,0.1,0,0.0,199,0.01,1e-05,32,False,0.155,0.516,0.691,0.794,0.378,0.411,0.825,0.91
1671018761,xenosite.sdf,GIN,16,0.1,0,0.0,239,0.01,1e-05,64,False,0.16,0.56,0.721,0.809,0.433,0.509,0.744,0.906
1671018773,xenosite.sdf,GIN,16,0.2,0,0.0,199,0.01,0.001,8,False,0.129,0.542,0.706,0.838,0.408,0.454,0.8,0.923
1671018817,xenosite.sdf,GIN,16,0.2,0,0.0,209,0.01,0.001,16,False,0.086,0.475,0.75,0.838,0.327,0.338,0.906,0.923
1671018842,xenosite.sdf,GIN,16,0.2,0,0.0,209,0.01,0.001,32,False,0.098,0.501,0.735,0.838,0.363,0.392,0.831,0.914
1671018858,xenosite.sdf,GIN,16,0.2,0,0.0,189,0.01,0.001,64,False,0.071,0.452,0.706,0.868,0.317,0.336,0.85,0.903
1671018868,xenosite.sdf,GIN,16,0.2,0,0.0,199,0.01,0.0001,8,False,0.094,0.472,0.721,0.868,0.333,0.353,0.856,0.912
1671018912,xenosite.sdf,GIN,16,0.2,0,0.0,189,0.01,0.0001,16,False,0.089,0.495,0.779,0.868,0.354,0.376,0.856,0.918
1671018936,xenosite.sdf,GIN,16,0.2,0,0.0,229,0.01,0.0001,32,False,0.152,0.487,0.676,0.897,0.348,0.371,0.85,0.911
1671018953,xenosite.sdf,GIN,16,0.2,0,0.0,189,0.01,0.0001,64,False,0.122,0.509,0.691,0.868,0.373,0.407,0.819,0.908
1671018963,xenosite.sdf,GIN,16,0.2,0,0.0,169,0.01,1e-05,8,False,0.087,0.43,0.676,0.838,0.295,0.309,0.869,0.906
1671019001,xenosite.sdf,GIN,16,0.2,0,0.0,199,0.01,1e-05,16,False,0.088,0.468,0.735,0.809,0.323,0.336,0.894,0.913
1671019026,xenosite.sdf,GIN,16,0.2,0,0.0,199,0.01,1e-05,32,False,0.091,0.518,0.765,0.868,0.364,0.377,0.912,0.931
1671019041,xenosite.sdf,GIN,16,0.2,0,0.0,169,0.01,1e-05,64,False,0.054,0.436,0.706,0.824,0.306,0.327,0.831,0.897
1671019050,xenosite.sdf,GIN,16,0.3,0,0.0,209,0.01,0.001,8,False,0.058,0.467,0.647,0.779,0.319,0.33,0.906,0.915
1671019096,xenosite.sdf,GIN,16,0.3,0,0.0,209,0.01,0.001,16,False,0.097,0.472,0.691,0.809,0.329,0.344,0.881,0.917
1671019121,xenosite.sdf,GIN,16,0.3,0,0.0,199,0.01,0.001,32,False,0.077,0.485,0.706,0.809,0.336,0.35,0.9,0.917
1671019136,xenosite.sdf,GIN,16,0.3,0,0.0,169,0.01,0.001,64,False,0.107,0.534,0.721,0.897,0.407,0.471,0.75,0.904
1671019145,xenosite.sdf,GIN,16,0.3,0,0.0,179,0.01,0.0001,8,False,0.138,0.428,0.618,0.721,0.309,0.341,0.769,0.886
1671019185,xenosite.sdf,GIN,16,0.3,0,0.0,159,0.01,0.0001,16,False,0.073,0.425,0.662,0.779,0.281,0.288,0.925,0.903
1671019205,xenosite.sdf,GIN,16,0.3,0,0.0,239,0.01,0.0001,32,False,0.097,0.509,0.735,0.882,0.363,0.383,0.875,0.922
1671019223,xenosite.sdf,GIN,16,0.3,0,0.0,199,0.01,0.0001,64,False,0.076,0.456,0.691,0.824,0.317,0.333,0.869,0.913
1671019233,xenosite.sdf,GIN,16,0.3,0,0.0,179,0.01,1e-05,8,False,0.115,0.488,0.75,0.853,0.353,0.382,0.825,0.913
1671019274,xenosite.sdf,GIN,16,0.3,0,0.0,199,0.01,1e-05,16,False,0.118,0.538,0.765,0.882,0.4,0.437,0.825,0.921
1671019299,xenosite.sdf,GIN,16,0.3,0,0.0,189,0.01,1e-05,32,False,0.151,0.56,0.824,0.882,0.427,0.483,0.788,0.915
1671019313,xenosite.sdf,GIN,16,0.3,0,0.0,189,0.01,1e-05,64,False,0.086,0.447,0.676,0.868,0.315,0.337,0.831,0.902
1671019324,xenosite.sdf,GIN,16,0.4,0,0.0,189,0.01,0.001,8,False,0.079,0.408,0.676,0.853,0.273,0.281,0.9,0.902
1671019366,xenosite.sdf,GIN,16,0.4,0,0.0,199,0.01,0.001,16,False,0.087,0.465,0.676,0.809,0.321,0.335,0.888,0.911
1671019391,xenosite.sdf,GIN,16,0.4,0,0.0,169,0.01,0.001,32,False,0.072,0.453,0.735,0.853,0.318,0.338,0.844,0.907
1671019404,xenosite.sdf,GIN,16,0.4,0,0.0,189,0.01,0.001,64,False,0.077,0.478,0.735,0.868,0.337,0.357,0.862,0.914
1671019415,xenosite.sdf,GIN,16,0.4,0,0.0,189,0.01,0.0001,8,False,0.096,0.428,0.676,0.794,0.289,0.3,0.894,0.906
1671019457,xenosite.sdf,GIN,16,0.4,0,0.0,199,0.01,0.0001,16,False,0.1,0.456,0.706,0.809,0.319,0.337,0.856,0.913
1671019481,xenosite.sdf,GIN,16,0.4,0,0.0,199,0.01,0.0001,32,False,0.073,0.429,0.632,0.794,0.288,0.297,0.906,0.903
1671019496,xenosite.sdf,GIN,16,0.4,0,0.0,169,0.01,0.0001,64,False,0.064,0.433,0.691,0.853,0.301,0.318,0.85,0.902
1671019506,xenosite.sdf,GIN,16,0.4,0,0.0,169,0.01,1e-05,8,False,0.087,0.413,0.676,0.809,0.281,0.292,0.875,0.897
1671019544,xenosite.sdf,GIN,16,0.4,0,0.0,189,0.01,1e-05,16,False,0.101,0.514,0.662,0.779,0.386,0.439,0.762,0.911
1671019568,xenosite.sdf,GIN,16,0.4,0,0.0,189,0.01,1e-05,32,False,0.084,0.457,0.676,0.779,0.312,0.324,0.9,0.912
1671019583,xenosite.sdf,GIN,16,0.4,0,0.0,209,0.01,1e-05,64,False,0.09,0.468,0.706,0.868,0.335,0.361,0.825,0.896
1671019594,xenosite.sdf,GIN,32,0.1,0,0.0,179,0.01,0.001,8,False,0.082,0.553,0.691,0.838,0.416,0.458,0.819,0.903
1671019634,xenosite.sdf,GIN,32,0.1,0,0.0,209,0.01,0.001,16,False,0.108,0.563,0.838,0.912,0.422,0.458,0.844,0.919
1671019660,xenosite.sdf,GIN,32,0.1,0,0.0,189,0.01,0.001,32,False,0.071,0.528,0.735,0.838,0.389,0.422,0.831,0.911
1671019674,xenosite.sdf,GIN,32,0.1,0,0.0,199,0.01,0.001,64,False,0.101,0.521,0.721,0.765,0.386,0.426,0.806,0.91
1671019685,xenosite.sdf,GIN,32,0.1,0,0.0,179,0.01,0.0001,8,False,0.058,0.525,0.735,0.838,0.385,0.416,0.838,0.914
1671019726,xenosite.sdf,GIN,32,0.1,0,0.0,219,0.01,0.0001,16,False,0.11,0.499,0.735,0.824,0.363,0.393,0.825,0.921
1671019753,xenosite.sdf,GIN,32,0.1,0,0.0,189,0.01,0.0001,32,False,0.078,0.527,0.765,0.838,0.394,0.439,0.794,0.895
1671019767,xenosite.sdf,GIN,32,0.1,0,0.0,229,0.01,0.0001,64,False,0.016,0.476,0.721,0.809,0.329,0.343,0.894,0.909
1671019779,xenosite.sdf,GIN,32,0.1,0,0.0,199,0.01,1e-05,8,False,0.117,0.549,0.779,0.868,0.409,0.444,0.838,0.913
1671019824,xenosite.sdf,GIN,32,0.1,0,0.0,169,0.01,1e-05,16,False,0.094,0.518,0.765,0.868,0.38,0.414,0.825,0.905
1671019845,xenosite.sdf,GIN,32,0.1,0,0.0,199,0.01,1e-05,32,False,0.044,0.511,0.721,0.809,0.37,0.395,0.85,0.921
1671019860,xenosite.sdf,GIN,32,0.1,0,0.0,199,0.01,1e-05,64,False,0.031,0.49,0.765,0.853,0.352,0.376,0.844,0.902
1671019871,xenosite.sdf,GIN,32,0.2,0,0.0,189,0.01,0.001,8,False,0.077,0.464,0.779,0.853,0.334,0.363,0.806,0.907
1671019913,xenosite.sdf,GIN,32,0.2,0,0.0,199,0.01,0.001,16,False,0.133,0.497,0.765,0.853,0.361,0.391,0.825,0.916
1671019938,xenosite.sdf,GIN,32,0.2,0,0.0,209,0.01,0.001,32,False,0.095,0.551,0.765,0.853,0.412,0.449,0.831,0.921
1671019954,xenosite.sdf,GIN,32,0.2,0,0.0,189,0.01,0.001,64,False,0.1,0.605,0.794,0.853,0.474,0.543,0.788,0.92
1671019964,xenosite.sdf,GIN,32,0.2,0,0.0,209,0.01,0.0001,8,False,0.143,0.461,0.794,0.882,0.333,0.365,0.794,0.896
1671020010,xenosite.sdf,GIN,32,0.2,0,0.0,199,0.01,0.0001,16,False,0.199,0.586,0.735,0.868,0.452,0.51,0.8,0.917
1671020035,xenosite.sdf,GIN,32,0.2,0,0.0,219,0.01,0.0001,32,False,0.092,0.476,0.676,0.838,0.344,0.374,0.812,0.902
1671020051,xenosite.sdf,GIN,32,0.2,0,0.0,189,0.01,0.0001,64,False,0.108,0.534,0.779,0.824,0.399,0.442,0.806,0.911
1671020062,xenosite.sdf,GIN,32,0.2,0,0.0,199,0.01,1e-05,8,False,0.155,0.502,0.75,0.868,0.37,0.408,0.8,0.909
1671020106,xenosite.sdf,GIN,32,0.2,0,0.0,199,0.01,1e-05,16,False,0.178,0.541,0.75,0.853,0.411,0.469,0.769,0.908
1671020130,xenosite.sdf,GIN,32,0.2,0,0.0,209,0.01,1e-05,32,False,0.057,0.499,0.779,0.882,0.355,0.375,0.869,0.916
1671020146,xenosite.sdf,GIN,32,0.2,0,0.0,179,0.01,1e-05,64,False,0.156,0.506,0.691,0.779,0.373,0.412,0.8,0.906
1671020156,xenosite.sdf,GIN,32,0.3,0,0.0,209,0.01,0.001,8,False,0.141,0.559,0.735,0.882,0.42,0.459,0.831,0.927
1671020203,xenosite.sdf,GIN,32,0.3,0,0.0,179,0.01,0.001,16,False,0.096,0.497,0.735,0.853,0.358,0.385,0.838,0.911
1671020226,xenosite.sdf,GIN,32,0.3,0,0.0,259,0.01,0.001,32,False,0.119,0.468,0.75,0.853,0.333,0.358,0.831,0.91
1671020244,xenosite.sdf,GIN,32,0.3,0,0.0,179,0.01,0.001,64,False,0.115,0.456,0.676,0.75,0.324,0.346,0.831,0.903
1671020254,xenosite.sdf,GIN,32,0.3,0,0.0,179,0.01,0.0001,8,False,0.116,0.514,0.735,0.853,0.374,0.402,0.844,0.919
1671020295,xenosite.sdf,GIN,32,0.3,0,0.0,199,0.01,0.0001,16,False,0.216,0.596,0.721,0.824,0.468,0.562,0.738,0.914
1671020320,xenosite.sdf,GIN,32,0.3,0,0.0,229,0.01,0.0001,32,False,0.114,0.538,0.721,0.868,0.397,0.429,0.844,0.924
1671020336,xenosite.sdf,GIN,32,0.3,0,0.0,229,0.01,0.0001,64,False,0.106,0.551,0.794,0.868,0.411,0.447,0.838,0.92
1671020348,xenosite.sdf,GIN,32,0.3,0,0.0,209,0.01,1e-05,8,False,0.138,0.469,0.691,0.853,0.333,0.354,0.844,0.906
1671020395,xenosite.sdf,GIN,32,0.3,0,0.0,169,0.01,1e-05,16,False,0.115,0.477,0.691,0.794,0.339,0.362,0.844,0.908
1671020417,xenosite.sdf,GIN,32,0.3,0,0.0,179,0.01,1e-05,32,False,0.138,0.515,0.735,0.824,0.377,0.408,0.831,0.916
1671020431,xenosite.sdf,GIN,32,0.3,0,0.0,219,0.01,1e-05,64,False,0.064,0.476,0.75,0.838,0.345,0.376,0.806,0.899
1671020443,xenosite.sdf,GIN,32,0.4,0,0.0,239,0.01,0.001,8,False,0.075,0.464,0.706,0.838,0.311,0.317,0.938,0.923
1671020495,xenosite.sdf,GIN,32,0.4,0,0.0,229,0.01,0.001,16,False,0.116,0.505,0.706,0.853,0.365,0.391,0.844,0.92
1671020523,xenosite.sdf,GIN,32,0.4,0,0.0,199,0.01,0.001,32,False,0.076,0.453,0.721,0.809,0.313,0.328,0.875,0.905
1671020538,xenosite.sdf,GIN,32,0.4,0,0.0,179,0.01,0.001,64,False,0.153,0.593,0.691,0.853,0.463,0.534,0.775,0.912
1671020548,xenosite.sdf,GIN,32,0.4,0,0.0,189,0.01,0.0001,8,False,0.078,0.481,0.691,0.868,0.333,0.345,0.9,0.919
1671020591,xenosite.sdf,GIN,32,0.4,0,0.0,199,0.01,0.0001,16,False,0.132,0.556,0.765,0.838,0.42,0.467,0.806,0.923
1671020617,xenosite.sdf,GIN,32,0.4,0,0.0,209,0.01,0.0001,32,False,0.084,0.479,0.735,0.838,0.326,0.335,0.925,0.926
1671020633,xenosite.sdf,GIN,32,0.4,0,0.0,219,0.01,0.0001,64,False,0.151,0.546,0.779,0.868,0.413,0.465,0.788,0.913
1671020645,xenosite.sdf,GIN,32,0.4,0,0.0,209,0.01,1e-05,8,False,0.174,0.543,0.765,0.853,0.415,0.482,0.75,0.913
1671020692,xenosite.sdf,GIN,32,0.4,0,0.0,179,0.01,1e-05,16,False,0.162,0.567,0.75,0.868,0.425,0.459,0.85,0.925
1671020715,xenosite.sdf,GIN,32,0.4,0,0.0,199,0.01,1e-05,32,False,0.107,0.513,0.676,0.794,0.372,0.398,0.85,0.916
1671020731,xenosite.sdf,GIN,32,0.4,0,0.0,219,0.01,1e-05,64,False,0.103,0.478,0.75,0.912,0.344,0.371,0.825,0.91
1671020742,xenosite.sdf,GIN,64,0.1,0,0.0,199,0.01,0.001,8,False,0.157,0.534,0.75,0.868,0.401,0.45,0.788,0.907
1671020787,xenosite.sdf,GIN,64,0.1,0,0.0,169,0.01,0.001,16,False,0.062,0.447,0.779,0.868,0.307,0.32,0.881,0.908
1671020809,xenosite.sdf,GIN,64,0.1,0,0.0,209,0.01,0.001,32,False,0.028,0.503,0.794,0.824,0.355,0.372,0.888,0.915
1671020825,xenosite.sdf,GIN,64,0.1,0,0.0,179,0.01,0.001,64,False,0.05,0.451,0.706,0.853,0.321,0.346,0.819,0.885
1671020835,xenosite.sdf,GIN,64,0.1,0,0.0,169,0.01,0.0001,8,False,0.123,0.536,0.794,0.897,0.403,0.45,0.794,0.908
1671020874,xenosite.sdf,GIN,64,0.1,0,0.0,189,0.01,0.0001,16,False,0.056,0.493,0.721,0.794,0.355,0.382,0.838,0.91
1671020898,xenosite.sdf,GIN,64,0.1,0,0.0,199,0.01,0.0001,32,False,0.051,0.483,0.765,0.853,0.341,0.359,0.869,0.91
1671020914,xenosite.sdf,GIN,64,0.1,0,0.0,179,0.01,0.0001,64,False,0.114,0.527,0.721,0.779,0.392,0.43,0.812,0.908
1671020924,xenosite.sdf,GIN,64,0.1,0,0.0,189,0.01,1e-05,8,False,0.09,0.572,0.794,0.912,0.435,0.482,0.819,0.913
1671020967,xenosite.sdf,GIN,64,0.1,0,0.0,209,0.01,1e-05,16,False,0.06,0.476,0.779,0.824,0.34,0.364,0.838,0.902
1671020994,xenosite.sdf,GIN,64,0.1,0,0.0,189,0.01,1e-05,32,False,0.108,0.556,0.809,0.838,0.419,0.464,0.812,0.915
1671021008,xenosite.sdf,GIN,64,0.1,0,0.0,199,0.01,1e-05,64,False,0.108,0.588,0.706,0.765,0.459,0.535,0.762,0.909
1671021019,xenosite.sdf,GIN,64,0.2,0,0.0,229,0.01,0.001,8,False,0.054,0.457,0.779,0.868,0.314,0.327,0.888,0.913
1671021070,xenosite.sdf,GIN,64,0.2,0,0.0,159,0.01,0.001,16,False,0.053,0.472,0.706,0.838,0.326,0.34,0.894,0.913
1671021091,xenosite.sdf,GIN,64,0.2,0,0.0,199,0.01,0.001,32,False,0.109,0.546,0.721,0.838,0.41,0.453,0.812,0.909
1671021106,xenosite.sdf,GIN,64,0.2,0,0.0,209,0.01,0.001,64,False,0.059,0.494,0.676,0.809,0.366,0.409,0.775,0.888
1671021118,xenosite.sdf,GIN,64,0.2,0,0.0,189,0.01,0.0001,8,False,0.09,0.544,0.765,0.897,0.401,0.432,0.85,0.922
1671021160,xenosite.sdf,GIN,64,0.2,0,0.0,169,0.01,0.0001,16,False,0.083,0.511,0.721,0.868,0.37,0.395,0.85,0.908
1671021182,xenosite.sdf,GIN,64,0.2,0,0.0,189,0.01,0.0001,32,False,0.062,0.498,0.75,0.882,0.354,0.374,0.869,0.915
1671021196,xenosite.sdf,GIN,64,0.2,0,0.0,179,0.01,0.0001,64,False,0.144,0.478,0.721,0.868,0.345,0.373,0.819,0.906
1671021206,xenosite.sdf,GIN,64,0.2,0,0.0,189,0.01,1e-05,8,False,0.076,0.499,0.75,0.882,0.351,0.368,0.888,0.918
1671021249,xenosite.sdf,GIN,64,0.2,0,0.0,199,0.01,1e-05,16,False,0.124,0.539,0.765,0.838,0.401,0.439,0.825,0.913
1671021274,xenosite.sdf,GIN,64,0.2,0,0.0,209,0.01,1e-05,32,False,0.086,0.555,0.779,0.838,0.416,0.454,0.831,0.912
1671021290,xenosite.sdf,GIN,64,0.2,0,0.0,199,0.01,1e-05,64,False,0.122,0.522,0.75,0.868,0.383,0.416,0.831,0.911
1671021301,xenosite.sdf,GIN,64,0.3,0,0.0,219,0.01,0.001,8,False,0.137,0.524,0.735,0.838,0.386,0.42,0.825,0.912
1671021349,xenosite.sdf,GIN,64,0.3,0,0.0,219,0.01,0.001,16,False,0.108,0.547,0.75,0.868,0.413,0.46,0.8,0.921
1671021376,xenosite.sdf,GIN,64,0.3,0,0.0,199,0.01,0.001,32,False,0.076,0.447,0.765,0.868,0.308,0.323,0.875,0.908
1671021391,xenosite.sdf,GIN,64,0.3,0,0.0,149,0.01,0.001,64,False,0.094,0.464,0.779,0.853,0.328,0.349,0.844,0.907
1671021400,xenosite.sdf,GIN,64,0.3,0,0.0,199,0.01,0.0001,8,False,0.133,0.541,0.75,0.853,0.402,0.44,0.825,0.92
1671021444,xenosite.sdf,GIN,64,0.3,0,0.0,199,0.01,0.0001,16,False,0.077,0.457,0.75,0.853,0.315,0.329,0.881,0.902
1671021468,xenosite.sdf,GIN,64,0.3,0,0.0,209,0.01,0.0001,32,False,0.122,0.529,0.779,0.868,0.392,0.43,0.819,0.903
1671021484,xenosite.sdf,GIN,64,0.3,0,0.0,159,0.01,0.0001,64,False,0.11,0.517,0.721,0.853,0.377,0.407,0.838,0.909
1671021494,xenosite.sdf,GIN,64,0.3,0,0.0,209,0.01,1e-05,8,False,0.165,0.496,0.75,0.853,0.357,0.382,0.844,0.917
1671021541,xenosite.sdf,GIN,64,0.3,0,0.0,189,0.01,1e-05,16,False,0.136,0.5,0.75,0.838,0.365,0.397,0.819,0.912
1671021565,xenosite.sdf,GIN,64,0.3,0,0.0,159,0.01,1e-05,32,False,0.079,0.478,0.721,0.868,0.334,0.35,0.881,0.911
1671021577,xenosite.sdf,GIN,64,0.3,0,0.0,179,0.01,1e-05,64,False,0.14,0.492,0.632,0.824,0.351,0.373,0.856,0.91
1671021588,xenosite.sdf,GIN,64,0.4,0,0.0,209,0.01,0.001,8,False,0.125,0.477,0.706,0.838,0.332,0.346,0.888,0.913
1671021634,xenosite.sdf,GIN,64,0.4,0,0.0,209,0.01,0.001,16,False,0.129,0.506,0.691,0.809,0.363,0.387,0.856,0.908
1671021659,xenosite.sdf,GIN,64,0.4,0,0.0,169,0.01,0.001,32,False,0.15,0.538,0.765,0.912,0.401,0.44,0.819,0.917
1671021673,xenosite.sdf,GIN,64,0.4,0,0.0,189,0.01,0.001,64,False,0.062,0.539,0.75,0.853,0.391,0.412,0.881,0.917
1671021683,xenosite.sdf,GIN,64,0.4,0,0.0,199,0.01,0.0001,8,False,0.114,0.487,0.735,0.868,0.344,0.363,0.869,0.915
1671021727,xenosite.sdf,GIN,64,0.4,0,0.0,199,0.01,0.0001,16,False,0.102,0.503,0.721,0.824,0.354,0.37,0.894,0.914
1671021752,xenosite.sdf,GIN,64,0.4,0,0.0,199,0.01,0.0001,32,False,0.135,0.541,0.706,0.838,0.41,0.463,0.781,0.91
1671021767,xenosite.sdf,GIN,64,0.4,0,0.0,219,0.01,0.0001,64,False,0.106,0.517,0.706,0.853,0.372,0.394,0.869,0.917
1671021778,xenosite.sdf,GIN,64,0.4,0,0.0,199,0.01,1e-05,8,False,0.122,0.532,0.706,0.838,0.395,0.432,0.819,0.915
1671021823,xenosite.sdf,GIN,64,0.4,0,0.0,209,0.01,1e-05,16,False,0.035,0.418,0.75,0.882,0.294,0.314,0.819,0.893
1671021848,xenosite.sdf,GIN,64,0.4,0,0.0,149,0.01,1e-05,32,False,0.161,0.556,0.75,0.853,0.42,0.467,0.806,0.913
1671021861,xenosite.sdf,GIN,64,0.4,0,0.0,169,0.01,1e-05,64,False,0.132,0.502,0.735,0.809,0.363,0.391,0.838,0.908
